"0x0ece" <0x0ece@lobste.rs>
"0x2ba22e11" <0x2ba22e11@lobste.rs>
"0x70532007" <0x70532007@lobste.rs>
"0xboz" <0xboz@lobste.rs>
0xboz <0xboz@lobste.rs>
"0xcac04" <0xcac04@lobste.rs>
"0xdustin" <0xdustin@lobste.rs>
"11backslashes" <11backslashes@lobste.rs>
"1amzave" <1amzave@lobste.rs>
1amzave <1amzave@lobste.rs>
355E3B <355E3B@lobste.rs>
"3bal" <3bal@lobste.rs>
3bal <3bal@lobste.rs>
"4d1xq8" <4d1xq8@lobste.rs>
"8bit" <8bit@lobste.rs>
"8bithero" <8bithero@lobste.rs>
8bithero <8bithero@lobste.rs>
"a4j" <a4j@lobste.rs>
"aardappel" <aardappel@lobste.rs>
aaroh <aaroh@lobste.rs>
"Aaron AuBuchon" <notification+fciclo1e@facebookmail.com>
"Aaron DeClue" <notification+fciclo1e@facebookmail.com>
"abarbu" <abarbu@lobste.rs>
"abetusk" <abetusk@lobste.rs>
abhin4v <abhin4v@lobste.rs>
abhinav <abhinav@lobste.rs>
"abuse" <abuse@lobste.rs>
abuse <abuse@lobste.rs>
"ac" <ac@lobste.rs>
"academician" <academician@lobste.rs>
"Adam Bowen (Meetup)" <Papers-We-Love-in-saint-louis-announce@meetup.com>
"adam_d_ruppe" <adam_d_ruppe@lobste.rs>
"adamgordonbell" <adamgordonbell@lobste.rs>
adamgordonbell <adamgordonbell@lobste.rs>
adam j hartz <notifications@github.com>
"adamo" <adamo@lobste.rs>
"adityabhaskar@gmail.com [todotxt]" <todotxt@yahoogroups.com>
admerox <admerox@lobste.rs>
"admg" <admg@lobste.rs>
"adrian.dbr@gmail.com [todotxt]" <todotxt@yahoogroups.com>
"adriangrigore" <adriangrigore@lobste.rs>
"adrien" <adrien@lobste.rs>
"adsouza" <adsouza@lobste.rs>
adsouza <adsouza@lobste.rs>
"adtac" <adtac@lobste.rs>
"adventureloop" <adventureloop@lobste.rs>
"aerique" <aerique@lobste.rs>
"af" <af@lobste.rs>
"aftbit" <aftbit@lobste.rs>
aftbit <aftbit@lobste.rs>
"a_g" <a_g@lobste.rs>
a_g <a_g@lobste.rs>
"agent281" <agent281@lobste.rs>
Ahmed Elsabbahy <notifications@github.com>
AhRuoWai <AhRuoWai@lobste.rs>
ahu <ahu@lobste.rs>
"airavata" <airavata@lobste.rs>
A. Irmak <a.irmak@gmx.de>
"'A. Irmak' a.irmak@gmx.de [todotxt]" <todotxt@yahoogroups.com>
aitzkowi <notifications@github.com>
"ajamielittle" <ajamielittle@lobste.rs>
"ajdecon" <ajdecon@lobste.rs>
"ajisaiko" <ajisaiko@lobste.rs>
akalin <akalin@lobste.rs>
"akavel" <akavel@lobste.rs>
"akbiggs" <akbiggs@lobste.rs>
"akkartik" <akkartik@lobste.rs>
"aklarfeld" <aklarfeld@lobste.rs>
"alalexan" <alalexan@lobste.rs>
"Alan Preciado" <notification+fciclo1e@facebookmail.com>
"alb" <alb@lobste.rs>
alb <alb@lobste.rs>
"alchemist" <alchemist@lobste.rs>
"alediaferia" <alediaferia@lobste.rs>
alejandro <alejandro@lobste.rs>
"aleph" <aleph@lobste.rs>
aleph <aleph@lobste.rs>
Alexander Litvinenko <notifications@github.com>
"Alexander V. Nikolaev" <notifications@github.com>
"alexandria" <alexandria@lobste.rs>
alex_gaynor <alex_gaynor@lobste.rs>
"Alex Jordan alex@strugee.net [todotxt]" <todotxt@yahoogroups.com>
Alex Kamalov <notifications@github.com>
"alexkorban" <alexkorban@lobste.rs>
Alex Miller <alex@launchcode.org>
Alex Miller <alex@puredanger.com>
Alex Miller <stl-clojure-list@meetup.com>
"alicebob" <alicebob@lobste.rs>
"alicef" <alicef@lobste.rs>
alicef <alicef@lobste.rs>
"allan" <allan@lobste.rs>
"a_lobster" <a_lobster@lobste.rs>
"alsolsprit" <alsolsprit@lobste.rs>
alsolsprit <alsolsprit@lobste.rs>
"altano" <altano@lobste.rs>
"alva" <alva@lobste.rs>
"alxndr" <alxndr@lobste.rs>
"alynpost" <alynpost@lobste.rs>
"alyx" <alyx@lobste.rs>
"Amanda Swaller" <notification+fciclo1e@facebookmail.com>
"amontalenti" <amontalenti@lobste.rs>
"amro" <amro@lobste.rs>
"amsross" <amsross@lobste.rs>
Andreas Fritzler <notifications@github.com>
Andrei Miulescu <notifications@github.com>
"Andre Powell apowell656@gmail.com [todotxt]" <todotxt@yahoogroups.com>
"andrewnimmo" <andrewnimmo@lobste.rs>
"andrewrk" <andrewrk@lobste.rs>
"andrewrk (Zig Creator)" <andrewrk@lobste.rs>
"AndrewStephens" <AndrewStephens@lobste.rs>
Andrii Loshkovskyi <notifications@github.com>
"AndroidKitKat" <AndroidKitKat@lobste.rs>
"andyc" <andyc@lobste.rs>
andyc <andyc@lobste.rs>
"andyc (Oil Shell Developer)" <andyc@lobste.rs>
andye <andye@lobste.rs>
"animatronic" <animatronic@lobste.rs>
"animesh" <animesh@lobste.rs>
"anishathalye" <anishathalye@lobste.rs>
"anjbe" <anjbe@lobste.rs>
"ankhers" <ankhers@lobste.rs>
announce-request@announce.puri.sm
"anordal" <anordal@lobste.rs>
Anthony Broome <notifications@github.com>
anthonyg <anthonyg@lobste.rs>
"antifuchs" <antifuchs@lobste.rs>
antifuchs <antifuchs@lobste.rs>
"Antoine monsieurantoine@gmail.com [todotxt]" <todotxt@yahoogroups.com>
"antonio" <antonio@lobste.rs>
antonio <antonio@lobste.rs>
"antonmedv" <antonmedv@lobste.rs>
antonmedv <antonmedv@lobste.rs>
anton <notifications@github.com>
"antt" <antt@lobste.rs>
"anyfoo" <anyfoo@lobste.rs>
"aos" <aos@lobste.rs>
"ap" <ap@lobste.rs>
"apas" <apas@lobste.rs>
"apg" <apg@lobste.rs>
"apg (Heroku Engineer)" <apg@lobste.rs>
"aphoenix" <aphoenix@lobste.rs>
"api" <api@lobste.rs>
api <api@lobste.rs>
Arch Lisp <info@meetup.com>
Arch Reactor Hackerspace <info@meetup.com>
"aria" <aria@lobste.rs>
"arjun-menon" <arjun-menon@lobste.rs>
"arnt" <arnt@lobste.rs>
"arp242" <arp242@lobste.rs>
arp242 <arp242@lobste.rs>
"artemis" <artemis@lobste.rs>
arunaugustine <arunaugustine@lobste.rs>
"aryeh" <aryeh@lobste.rs>
"as1ndu" <as1ndu@lobste.rs>
as1ndu <as1ndu@lobste.rs>
"ash" <ash@lobste.rs>
"AshkanKiani" <AshkanKiani@lobste.rs>
"asimpson" <asimpson@lobste.rs>
"asjo" <asjo@lobste.rs>
aspit <aspit@lobste.rs>
asrp <asrp@lobste.rs>
"asthma" <asthma@lobste.rs>
"asymptotically" <asymptotically@lobste.rs>
"atakan" <atakan@lobste.rs>
"athas" <athas@lobste.rs>
athas <athas@lobste.rs>
"atilaneves" <atilaneves@lobste.rs>
"Atlassian Summit" <summit@atlassianevents.com>
"atroche" <atroche@lobste.rs>
"atti1a" <atti1a@lobste.rs>
atti1a <atti1a@lobste.rs>
"atw" <atw@lobste.rs>
audreyx <audreyx@lobste.rs>
Audrius Sadauskas <notifications@github.com>
"aufziehvogel" <aufziehvogel@lobste.rs>
"AugustGarcia" <AugustGarcia@lobste.rs>
AugustGarcia <AugustGarcia@lobste.rs>
avita1 <avita1@lobste.rs>
"awilfox" <awilfox@lobste.rs>
"awn" <awn@lobste.rs>
awn <awn@lobste.rs>
"A-Za-z0-9" <A-Za-z0-9@lobste.rs>
A-Za-z0-9 <A-Za-z0-9@lobste.rs>
azbshiri <azbshiri@lobste.rs>
"azdle" <azdle@lobste.rs>
azdle <azdle@lobste.rs>
"b3n" <b3n@lobste.rs>
"badtuple" <badtuple@lobste.rs>
"bandali" <bandali@lobste.rs>
bandali <bandali@lobste.rs>
"banhloc" <banhloc@lobste.rs>
banhloc <banhloc@lobste.rs>
barbeque <barbeque@lobste.rs>
"bargap" <bargap@lobste.rs>
Barrett Foat <barrett@foat.org>
"barronmo@yahoo.com [todotxt]" <todotxt@yahoogroups.com>
"bashrc" <bashrc@lobste.rs>
bashrc <bashrc@lobste.rs>
"baweaver" <baweaver@lobste.rs>
baweaver <baweaver@lobste.rs>
"bb010g" <bb010g@lobste.rs>
bbatsov <bbatsov@lobste.rs>
"bbigras" <bbigras@lobste.rs>
"bbobb" <bbobb@lobste.rs>
"bbrazil" <bbrazil@lobste.rs>
"bbrks" <bbrks@lobste.rs>
"bdesham" <bdesham@lobste.rs>
Becca Stevens <info@meetup.com>
"Bec Wilson, Change.org" <change@mail.change.org>
"begriffs" <begriffs@lobste.rs>
begriffs <begriffs@lobste.rs>
"belak" <belak@lobste.rs>
"benaiah" <benaiah@lobste.rs>
Ben Albritton <benalbritton999@gmail.com>
"benji" <benji@lobste.rs>
"benoliver999" <benoliver999@lobste.rs>
Bernard Paques <notifications@github.com>
"bert" <bert@lobste.rs>
bert <bert@lobste.rs>
"betoissues" <betoissues@lobste.rs>
Better World Books <wellread@betterworldbooks.com>
"bezdomni" <bezdomni@lobste.rs>
bezdomni <bezdomni@lobste.rs>
"bheisler" <bheisler@lobste.rs>
"Bherzet" <Bherzet@lobste.rs>
"bigdeddu" <bigdeddu@lobste.rs>
"bigdubs" <bigdubs@lobste.rs>
"bigs" <bigs@lobste.rs>
"binarycleric" <binarycleric@lobste.rs>
"binarymax" <binarymax@lobste.rs>
"bitcrusher" <bitcrusher@lobste.rs>
"bitemyapp" <bitemyapp@lobste.rs>
bitsvsbytes <bitsvsbytes@lobste.rs>
"bityard" <bityard@lobste.rs>
bityard <bityard@lobste.rs>
"bkircher" <bkircher@lobste.rs>
bkircher <bkircher@lobste.rs>
"BlackLotus89" <BlackLotus89@lobste.rs>
"blblack" <blblack@lobste.rs>
"ble" <ble@lobste.rs>
"Blintk" <Blintk@lobste.rs>
Blintk <Blintk@lobste.rs>
"bmiller59" <bmiller59@lobste.rs>
"boeg" <boeg@lobste.rs>
"bogdan" <bogdan@lobste.rs>
bogdan <bogdan@lobste.rs>
"Boojum" <Boojum@lobste.rs>
"boreq" <boreq@lobste.rs>
"borntyping" <borntyping@lobste.rs>
Brad Gearon <notifications@github.com>
Bradrydzewski <noreply@discuss.drone.io>
Brad Rydzewski <notifications@github.com>
"Bramble Berry" <marketing@email.brambleberry.com>
"bram" <bram@lobste.rs>
"breck" <breck@lobste.rs>
breck <breck@lobste.rs>
"brendan" <brendan@lobste.rs>
Brendan McElligott <notifications@github.com>
"brennen" <brennen@lobste.rs>
Brent <notifications@github.com>
Brett Lord-Castillo <info@meetup.com>
Brian Hicks <brian@brianthicks.com>
Brian Hicks <info@meetup.com>
Brian Hicks <notifications@github.com>
Brian Hicks <STL-Python-announce@meetup.com>
"brianly" <brianly@lobste.rs>
"brkattk" <brkattk@lobste.rs>
"brocooks" <brocooks@lobste.rs>
"BruceM" <BruceM@lobste.rs>
"bruth" <bruth@lobste.rs>
"Bryan Jones (Meetup)" <info@meetup.com>
"Bryan Jones (Meetup)" <SaintLouis-FullStack-WebDevelopment-announce@meetup.com>
"bryce" <bryce@lobste.rs>
Brycelol <notifications@github.com>
"bsima" <bsima@lobste.rs>
"bsnyder" <bsnyder@lobste.rs>
"bstro" <bstro@lobste.rs>
"btbytes1" <btbytes1@lobste.rs>
"Build.STL" <info@meetup.com>
"bunny351" <bunny351@lobste.rs>
"bunny351 (CHICKEN developer)" <bunny351@lobste.rs>
"burntsushi" <burntsushi@lobste.rs>
"burntsushi (Rust Library Team)" <burntsushi@lobste.rs>
"burrows" <burrows@lobste.rs>
"bwasti" <bwasti@lobste.rs>
bwasti <bwasti@lobste.rs>
"bwr" <bwr@lobste.rs>
bwr <bwr@lobste.rs>
"Bystroushaak" <Bystroushaak@lobste.rs>
Bystroushaak <Bystroushaak@lobste.rs>
"c12" <c12@lobste.rs>
c12 <c12@lobste.rs>
"caboteria" <caboteria@lobste.rs>
"cadey" <cadey@lobste.rs>
cadey <cadey@lobste.rs>
"caio" <caio@lobste.rs>
"Caio" <Caio@lobste.rs>
Caitlin Carey <cemcarey@gmail.com>
"caius" <caius@lobste.rs>
caius <caius@lobste.rs>
"caleb" <caleb@lobste.rs>
"calebdoxsey" <calebdoxsey@lobste.rs>
calebdoxsey <calebdoxsey@lobste.rs>
"calvin" <calvin@lobste.rs>
calvin <calvin@lobste.rs>
"Candace Johnson" <notification+fciclo1e@facebookmail.com>
"caolan" <caolan@lobste.rs>
caolan <caolan@lobste.rs>
"Capital One" <capitalone@capitaloneemail.com>
"Capital One" <capitalone@message.capitalone.com>
"CarMax Alerts" <CarMax@email-carmax.com>
"carter" <carter@lobste.rs>
"catacombs" <catacombs@lobste.rs>
catacombs <catacombs@lobste.rs>
"cathugger" <cathugger@lobste.rs>
"catwell" <catwell@lobste.rs>
catwell <catwell@lobste.rs>
"cbdev" <cbdev@lobste.rs>
"cbracken" <cbracken@lobste.rs>
"CcsDude" <CcsDude@lobste.rs>
"c-cube" <c-cube@lobste.rs>
"cdanis" <cdanis@lobste.rs>
"ceh" <ceh@lobste.rs>
ceh <ceh@lobste.rs>
"cepheus" <cepheus@lobste.rs>
"cflewis" <cflewis@lobste.rs>
"cgag" <cgag@lobste.rs>
cgati <cgati@lobste.rs>
"Change.org" <change@e.change.org>
"Change.org" <change@mail.change.org>
"Change.org via Change.org" <change@mail.change.org>
"chasote" <chasote@lobste.rs>
"chbarts" <chbarts@lobste.rs>
Chelsea West <cwest13@slu.edu>
"chenghiz" <chenghiz@lobste.rs>
"chewzerita" <chewzerita@lobste.rs>
"chexxor" <chexxor@lobste.rs>
"chobeat" <chobeat@lobste.rs>
chobeat <chobeat@lobste.rs>
"chovy" <chovy@lobste.rs>
Chris Aubuchon <notifications@github.com>
Chris Bay <notifications@github.com>
"chrishenn" <chrishenn@lobste.rs>
"chrispickard" <chrispickard@lobste.rs>
chris schott <info@meetup.com>
"chris schott (Meetup)" <boardgames-9-announce@meetup.com>
Christopher Carpenter <info@meetup.com>
Christopher Carpenter <mordocai@mordocai.net>
"Christopher Schmitz (Meetup)" <info@meetup.com>
"Christopher Schmitz (Meetup)" <meetup-group-ZKpKeNAj-announce@meetup.com>
"Christopher Schmitz (Meetup)" <SaintLouis-FullStack-WebDevelopment-announce@meetup.com>
"chriswarbo" <chriswarbo@lobste.rs>
"circuitry" <circuitry@lobste.rs>
"ClashTheBunny" <ClashTheBunny@lobste.rs>
"classichasclass" <classichasclass@lobste.rs>
classichasclass <classichasclass@lobste.rs>
"clemherreman" <clemherreman@lobste.rs>
clemherreman <clemherreman@lobste.rs>
"clint" <clint@lobste.rs>
"cln" <cln@lobste.rs>
"Cloud, Big Data and Data Science Group of Saint Louis" <info@meetup.com>
"cmcaine" <cmcaine@lobste.rs>
cmeiklejohn <cmeiklejohn@lobste.rs>
"cmhamill" <cmhamill@lobste.rs>
"cms" <cms@lobste.rs>
cms <cms@lobste.rs>
cnivolle <cnivolle@lobste.rs>
"cnst" <cnst@lobste.rs>
cnst <cnst@lobste.rs>
"coco" <coco@lobste.rs>
"codahale" <codahale@lobste.rs>
"code" <code@lobste.rs>
Code for the People <info@meetup.com>
"codemac" <codemac@lobste.rs>
Code Till Dawn <info@meetup.com>
Code Until Dawn STL <info@meetup.com>
"coleifer" <coleifer@lobste.rs>
"colindean" <colindean@lobste.rs>
"colonelpanic" <colonelpanic@lobste.rs>
"compsciwizkid" <compsciwizkid@lobste.rs>
CompTIA AITP - Saint Louis Chapter <info@meetup.com>
comzeradd <comzeradd@lobste.rs>
"Confusion" <Confusion@lobste.rs>
Confusion <Confusion@lobste.rs>
"connor" <connor@lobste.rs>
Conor Nash <nashco@tcd.ie>
cooler_ranch <cooler_ranch@lobste.rs>
"Corbin" <Corbin@lobste.rs>
"cos" <cos@lobste.rs>
"Coursera" <no-reply@m.mail.coursera.org>
"cout" <cout@lobste.rs>
"coventry" <coventry@lobste.rs>
"coypoop" <coypoop@lobste.rs>
"cpnielsen" <cpnielsen@lobste.rs>
"craftyguy" <craftyguy@lobste.rs>
craftyguy <craftyguy@lobste.rs>
Craig Buchek <info@meetup.com>
Craig Buchek <STL-Elm-announce@meetup.com>
"crazyloglad" <crazyloglad@lobste.rs>
"crc_" <crc_@lobste.rs>
"Creative Circle St.Louis Office" <DoNotReply@expertrating.com>
"Crestwave" <Crestwave@lobste.rs>
"cryptographer" <cryptographer@lobste.rs>
crystal@launchcode.org
Crystal Martin <crystal@launchcode.org>
Crystal Martin <meetup-group-mIPtlAHA-announce@meetup.com>
"Crystal Martin (via Google Drive)" <crystal@launchcode.org>
Crystal Murphy <cmurphy@redhat.com>
Crystal Murphy <info@meetup.com>
"CS Education Coalition, in partnership with Code.org via Change.org" <change@mail.change.org>
cujanovic <cujanovic@lobste.rs>
"cup" <cup@lobste.rs>
Curiositry <Curiositry@lobste.rs>
Curtis Parham <notifications@github.com>
"cwill" <cwill@lobste.rs>
"Cykelero" <Cykelero@lobste.rs>
Cykelero <Cykelero@lobste.rs>
"czocher" <czocher@lobste.rs>
"d0nk" <d0nk@lobste.rs>
"da7id" <da7id@lobste.rs>
"daanvdk" <daanvdk@lobste.rs>
"da" <da@lobste.rs>
"dalanmiller" <dalanmiller@lobste.rs>
"dallas" <dallas@lobste.rs>
Dallas Red Hat Users Group <info@meetup.com>
"danburzo" <danburzo@lobste.rs>
danburzo <danburzo@lobste.rs>
"dancompton" <dancompton@lobste.rs>
"dan-f" <dan-f@lobste.rs>
dan-f <dan-f@lobste.rs>
"dangoor" <dangoor@lobste.rs>
"danidiaz" <danidiaz@lobste.rs>
"DanielBMarkham" <DanielBMarkham@lobste.rs>
DanielBMarkham <DanielBMarkham@lobste.rs>
"danielcompton" <danielcompton@lobste.rs>
"danielrheath" <danielrheath@lobste.rs>
"danso" <danso@lobste.rs>
danso <danso@lobste.rs>
"Dan Vatterott (Meetup)" <St-Louis-Machine-Learning-announce@meetup.com>
"Dan Vatterott (Meetup)" <St-Louis-Machine-Learning-list@meetup.com>
"dark_grimoire" <dark_grimoire@lobste.rs>
"Darrin BIshop (Meetup)" <Saint-Louis-RUG-list@meetup.com>
"Data Elixir" <lon@dataelixir.com>
"data_hope" <data_hope@lobste.rs>
"davidbanham" <davidbanham@lobste.rs>
"David_Gerard" <David_Gerard@lobste.rs>
David OBrien <Saint-Louis-RUG-list@meetup.com>
David Tootill <notifications@github.com>
"davmac" <davmac@lobste.rs>
"dbousamra" <dbousamra@lobste.rs>
"dbp" <dbp@lobste.rs>
"dbremner" <dbremner@lobste.rs>
dbremner <dbremner@lobste.rs>
"dchest" <dchest@lobste.rs>
"dckc" <dckc@lobste.rs>
dckc <dckc@lobste.rs>
"dcreemer" <dcreemer@lobste.rs>
"ddellacosta" <ddellacosta@lobste.rs>
DeAnna Tipton <info@meetup.com>
"DeAnna Tipton (Meetup)" <St-Louis-Machine-Learning-announce@meetup.com>
DeAnna Tipton <St-Louis-Machine-Learning-list@meetup.com>
"DeciusCaeciliusMetellus" <DeciusCaeciliusMetellus@lobste.rs>
"Delia Chassaing" <notification+fciclo1e@facebookmail.com>
"DelRoy Guild delroy_99@yahoo.com [todotxt]" <todotxt@yahoogroups.com>
Del <St-Louis-Machine-Learning-list@meetup.com>
"Deluvi" <Deluvi@lobste.rs>
"Denise Crews Odum" <notification+fciclo1e@facebookmail.com>
"deniz" <deniz@lobste.rs>
deniz <deniz@lobste.rs>
"derek-jones" <derek-jones@lobste.rs>
derek-jones <derek-jones@lobste.rs>
"derReineke" <derReineke@lobste.rs>
"dethos" <dethos@lobste.rs>
"devth" <devth@lobste.rs>
"dfrey" <dfrey@lobste.rs>
dhanushka <dhanushka@lobste.rs>
"dhotson" <dhotson@lobste.rs>
"DiegoVicente" <DiegoVicente@lobste.rs>
"dirk" <dirk@lobste.rs>
"Diti" <Diti@lobste.rs>
"djmoch" <djmoch@lobste.rs>
djmoch <djmoch@lobste.rs>
"djsumdog" <djsumdog@lobste.rs>
djsumdog <djsumdog@lobste.rs>
"dkozel" <dkozel@lobste.rs>
"dl" <dl@lobste.rs>
dl <dl@lobste.rs>
"dmathieu" <dmathieu@lobste.rs>
dmathieu <dmathieu@lobste.rs>
"dmbaturin" <dmbaturin@lobste.rs>
dmbaturin <dmbaturin@lobste.rs>
Dmitry Grapov <dgrapov@gmail.com>
"dmytrish" <dmytrish@lobste.rs>
"dominicm" <dominicm@lobste.rs>
"donpdonp" <donpdonp@lobste.rs>
"dotancohen" <dotancohen@lobste.rs>
dotancohen <dotancohen@lobste.rs>
"dotemacs" <dotemacs@lobste.rs>
"doublec" <doublec@lobste.rs>
Doug Shook <dsshook@gmail.com>
"dpedu" <dpedu@lobste.rs>
"dpk" <dpk@lobste.rs>
"DriveThruRPG Newsletter" <no-reply@drivethrurpg.com>
"DriveThruRPG/RPGNow Newsletter" <no-reply@drivethrurpg.com>
"drs" <drs@lobste.rs>
"dsh" <dsh@lobste.rs>
"dsschnau" <dsschnau@lobste.rs>
"dstelow" <dstelow@lobste.rs>
"dtolnay" <dtolnay@lobste.rs>
"dtornabene" <dtornabene@lobste.rs>
"dtsdwarak" <dtsdwarak@lobste.rs>
dtsdwarak <dtsdwarak@lobste.rs>
"ducdetronquito" <ducdetronquito@lobste.rs>
ducdetronquito <ducdetronquito@lobste.rs>
"duck_of_death" <duck_of_death@lobste.rs>
"dulaku" <dulaku@lobste.rs>
"duncaen" <duncaen@lobste.rs>
"duraki" <duraki@lobste.rs>
Dustin Spicuzza <notifications@github.com>
DustinTierney <notifications@github.com>
Dustin T <maptimeSTL-announce@meetup.com>
"dvn" <dvn@lobste.rs>
"dw" <dw@lobste.rs>
dw <dw@lobste.rs>
"dynalt@dynalt.com [todotxt]" <todotxt@yahoogroups.com>
"dysoco" <dysoco@lobste.rs>
"EA" <EA@e.ea.com>
"eau" <eau@lobste.rs>
eau <eau@lobste.rs>
"eb" <eb@lobste.rs>
"ec" <ec@lobste.rs>
"edd" <edd@lobste.rs>
edd <edd@lobste.rs>
"edoput" <edoput@lobste.rs>
edoput <edoput@lobste.rs>
"eeks" <eeks@lobste.rs>
eest <eest@lobste.rs>
"efrench" <efrench@lobste.rs>
"egeerdogan" <egeerdogan@lobste.rs>
"ehamberg" <ehamberg@lobste.rs>
ehamberg <ehamberg@lobste.rs>
ehmicky <ehmicky@lobste.rs>
"eibhinn" <eibhinn@lobste.rs>
"einacio" <einacio@lobste.rs>
Eirik Sletteberg <notifications@github.com>
"elais" <elais@lobste.rs>
elbrujohalcon <elbrujohalcon@lobste.rs>
eldridgea <eldridgea@lobste.rs>
"eliotlandrum" <eliotlandrum@lobste.rs>
eliot@launchcode.org
Eliot Piering <eliot@launchcode.org>
"Elizabeth Ledbetter (Meetup)" <meetup-group-mvsjLlPw-announce@meetup.com>
"eloy" <eloy@lobste.rs>
eloy <eloy@lobste.rs>
"Elronnd" <Elronnd@lobste.rs>
"emacsomancer" <emacsomancer@lobste.rs>
EmDem <notifications@github.com>
"emersion" <emersion@lobste.rs>
emersion <emersion@lobste.rs>
emididam <emididam@lobste.rs>
Emre Sarbak <emre.sarbak@gmail.com>
"emrox" <emrox@lobste.rs>
emrox <emrox@lobste.rs>
"endgame" <endgame@lobste.rs>
endgame <endgame@lobste.rs>
"enkiv2" <enkiv2@lobste.rs>
enkiv2 <enkiv2@lobste.rs>
"enn" <enn@lobste.rs>
"enobayram" <enobayram@lobste.rs>
"enxio" <enxio@lobste.rs>
"enz" <enz@lobste.rs>
"eogas" <eogas@lobste.rs>
"epilys" <epilys@lobste.rs>
epilys <epilys@lobste.rs>
"eqw" <eqw@lobste.rs>
eqw <eqw@lobste.rs>
"Eraad" <Eraad@lobste.rs>
Eraad <Eraad@lobste.rs>
"Eric c_frames@hotmail.com [todotxt]" <todotxt@yahoogroups.com>
"ericdykstra" <ericdykstra@lobste.rs>
"eriki" <eriki@lobste.rs>
"erkin" <erkin@lobste.rs>
Erwin de Keijzer <notifications@github.com>
"esak" <esak@lobste.rs>
"eta" <eta@lobste.rs>
"eterps" <eterps@lobste.rs>
eterps <eterps@lobste.rs>
"Etsy" <emails@e.etsy.com>
"euphidime" <euphidime@lobste.rs>
"evanmcc" <evanmcc@lobste.rs>
EveM <EveM@lobste.rs>
evilezh <notifications@github.com>
"exparrot" <exparrot@lobste.rs>
"Experian" <support@e.usa.experian.com>
"ezequiel-garzon" <ezequiel-garzon@lobste.rs>
"fabriceleal" <fabriceleal@lobste.rs>
"faitswulff" <faitswulff@lobste.rs>
"fbo" <fbo@lobste.rs>
fbo <fbo@lobste.rs>
"fcambus" <fcambus@lobste.rs>
fcambus <fcambus@lobste.rs>
"fcbsd" <fcbsd@lobste.rs>
fcbsd <fcbsd@lobste.rs>
"federico3" <federico3@lobste.rs>
federico3 <federico3@lobste.rs>
"feld" <feld@lobste.rs>
feld <feld@lobste.rs>
"felixyz" <felixyz@lobste.rs>
"femiagbabiaka" <femiagbabiaka@lobste.rs>
"fengshaun" <fengshaun@lobste.rs>
fengshaun <fengshaun@lobste.rs>
"fenollp" <fenollp@lobste.rs>
"feoh" <feoh@lobste.rs>
feoh <feoh@lobste.rs>
"ferd" <ferd@lobste.rs>
ferd <ferd@lobste.rs>
"fernplus" <fernplus@lobste.rs>
"fhk" <fhk@lobste.rs>
fhk <fhk@lobste.rs>
"Firefox" <Mozilla@e.mozilla.org>
"fkooman" <fkooman@lobste.rs>
"Flisk" <Flisk@lobste.rs>
"floppydiskette" <floppydiskette@lobste.rs>
floppydiskette <floppydiskette@lobste.rs>
"Flow" <Flow@lobste.rs>
flume <flume@lobste.rs>
"flux" <flux@lobste.rs>
flux <flux@lobste.rs>
"fortune" <fortune@lobste.rs>
"Forty-Bot" <Forty-Bot@lobste.rs>
"fractalf" <fractalf@lobste.rs>
"Freaky" <Freaky@lobste.rs>
"freddyb" <freddyb@lobste.rs>
freddyb <freddyb@lobste.rs>
"freddyb (Mozilla Security)" <freddyb@lobste.rs>
"fredsir" <fredsir@lobste.rs>
"friendlysock" <friendlysock@lobste.rs>
friendlysock <friendlysock@lobste.rs>
friendscallmejw <friendscallmejw@lobste.rs>
"FRIGN" <FRIGN@lobste.rs>
"FRIGN (suckless.org developer)" <FRIGN@lobste.rs>
"fro" <fro@lobste.rs>
fro <fro@lobste.rs>
"fs111" <fs111@lobste.rs>
fs111 <fs111@lobste.rs>
"ftrain" <ftrain@lobste.rs>
fwkz <fwkz@lobste.rs>
"gabe" <gabe@lobste.rs>
"GabLeRoux" <GabLeRoux@lobste.rs>
"gamache" <gamache@lobste.rs>
gamache <gamache@lobste.rs>
"gasche" <gasche@lobste.rs>
GChevalier <GChevalier@lobste.rs>
"gcupc" <gcupc@lobste.rs>
gcupc <gcupc@lobste.rs>
"gecko" <gecko@lobste.rs>
Gennady Feldman <notifications@github.com>
"geocar" <geocar@lobste.rs>
"GeoffWozniak" <GeoffWozniak@lobste.rs>
GeoffWozniak <GeoffWozniak@lobste.rs>
GeoSTL <info@meetup.com>
"gerikson" <gerikson@lobste.rs>
gerikson <gerikson@lobste.rs>
"Gina Trapani gina@ginatrapani.org [todotxt]" <todotxt@yahoogroups.com>
"gir" <gir@lobste.rs>
GitLab <gitlab@mg.gitlab.com>
gj <gj@lobste.rs>
"glacambre" <glacambre@lobste.rs>
"glesica" <glesica@lobste.rs>
"glhaynes" <glhaynes@lobste.rs>
"gluegadget" <gluegadget@lobste.rs>
"gnusosa" <gnusosa@lobste.rs>
Gordon Fierce <notifications@github.com>
"gpm" <gpm@lobste.rs>
"grahamc" <grahamc@lobste.rs>
grahamc <grahamc@lobste.rs>
"GrayGnome" <GrayGnome@lobste.rs>
"gregdoesit" <gregdoesit@lobste.rs>
gregdoesit <gregdoesit@lobste.rs>
"greg_loscombe" <greg_loscombe@lobste.rs>
Greg Rhoades <rhoades.g@gmail.com>
"grgbrn" <grgbrn@lobste.rs>
gsora <gsora@lobste.rs>
"gsquire" <gsquire@lobste.rs>
"gt" <gt@lobste.rs>
gt <gt@lobste.rs>
"gthm" <gthm@lobste.rs>
gthm <gthm@lobste.rs>
"guiraldelli" <guiraldelli@lobste.rs>
"gumchum" <gumchum@lobste.rs>
"'G. Wade Johnson' gwadej@anomaly.org [todotxt]" <todotxt@yahoogroups.com>
"gwenhael" <gwenhael@lobste.rs>
"gynvael" <gynvael@lobste.rs>
"Hail_Spacecake" <Hail_Spacecake@lobste.rs>
Hail_Spacecake <Hail_Spacecake@lobste.rs>
"Haki" <Haki@lobste.rs>
Haki <Haki@lobste.rs>
"haldean" <haldean@lobste.rs>
"Hales" <Hales@lobste.rs>
"half-cambodian-hacker-man" <half-cambodian-hacker-man@lobste.rs>
half-cambodian-hacker-man <half-cambodian-hacker-man@lobste.rs>
"halfmanhalfdonut" <halfmanhalfdonut@lobste.rs>
"halosghost" <halosghost@lobste.rs>
"hanno" <hanno@lobste.rs>
hanno <hanno@lobste.rs>
"haroldp" <haroldp@lobste.rs>
"Harpo Jaeger harpo.jaeger@gmail.com [todotxt]" <todotxt@yahoogroups.com>
"hartzell" <hartzell@lobste.rs>
"Haskell Users Group: St. Louis" <info@meetup.com>
"hauleth" <hauleth@lobste.rs>
hauleth <hauleth@lobste.rs>
hauxir <hauxir@lobste.rs>
"hblanks" <hblanks@lobste.rs>
"hc" <hc@lobste.rs>
"hdhzy" <hdhzy@lobste.rs>
"hedgehog" <hedgehog@lobste.rs>
Helena Converse <nerdgirl11235813@gmail.com>
"heliostatic" <heliostatic@lobste.rs>
"HenriTuhola" <HenriTuhola@lobste.rs>
HenriTuhola <HenriTuhola@lobste.rs>
heroina <heroina@lobste.rs>
Heroku <no-reply@heroku.com>
"h" <h@lobste.rs>
hindenbug <hindenbug@lobste.rs>
"hjr3" <hjr3@lobste.rs>
"hjst" <hjst@lobste.rs>
"hkdd" <hkdd@lobste.rs>
"horrorcheck" <horrorcheck@lobste.rs>
"howdoipython" <howdoipython@lobste.rs>
"hp" <hp@lobste.rs>
hpolatyuruk <hpolatyuruk@lobste.rs>
"href" <href@lobste.rs>
"Hultner" <Hultner@lobste.rs>
"Hulu" <hulu@hulumail.com>
"hunter" <hunter@lobste.rs>
hunter <hunter@lobste.rs>
"huntie" <huntie@lobste.rs>
huntie <huntie@lobste.rs>
"hwayne" <hwayne@lobste.rs>
hwayne <hwayne@lobste.rs>
"hwj" <hwj@lobste.rs>
"hyperpape" <hyperpape@lobste.rs>
hyperpape <hyperpape@lobste.rs>
"iamnearlythere" <iamnearlythere@lobste.rs>
Ian Kinsey <notifications@github.com>
"ianloic" <ianloic@lobste.rs>
"ianopolous" <ianopolous@lobste.rs>
ianopolous <ianopolous@lobste.rs>
"IanPaul" <IanPaul@lobste.rs>
"ibisum" <ibisum@lobste.rs>
"icefox" <icefox@lobste.rs>
"icyphox" <icyphox@lobste.rs>
icyphox <icyphox@lobste.rs>
"ignaloidas" <ignaloidas@lobste.rs>
"ilyash" <ilyash@lobste.rs>
iml <iml@lobste.rs>
"indirection" <indirection@lobste.rs>
"indolering" <indolering@lobste.rs>
"indreklasn" <indreklasn@lobste.rs>
indreklasn <indreklasn@lobste.rs>
"infinisil" <infinisil@lobste.rs>
"infinitary" <infinitary@lobste.rs>
"InPermutation" <InPermutation@lobste.rs>
"instant" <instant@lobste.rs>
"intercal" <intercal@lobste.rs>
"iocompletion" <iocompletion@lobste.rs>
ioggstream <notifications@github.com>
"Irene (Google Employee)" <Irene@lobste.rs>
"Irene" <Irene@lobste.rs>
"Irene (Sysop)" <Irene@lobste.rs>
"iridakos" <iridakos@lobste.rs>
"isagalaev" <isagalaev@lobste.rs>
ishan <ishan@lobste.rs>
"isra17" <isra17@lobste.rs>
"isthatforreal" <isthatforreal@lobste.rs>
"isthisnagee" <isthisnagee@lobste.rs>
"iswrong" <iswrong@lobste.rs>
"itamarst" <itamarst@lobste.rs>
itamarst <itamarst@lobste.rs>
"itistoday" <itistoday@lobste.rs>
itistoday <itistoday@lobste.rs>
"iwre0" <iwre0@lobste.rs>
"izzystardust" <izzystardust@lobste.rs>
"j11g" <j11g@lobste.rs>
j11g <j11g@lobste.rs>
"j605" <j605@lobste.rs>
j605 <j605@lobste.rs>
"jackivan88" <jackivan88@lobste.rs>
"jackklika" <jackklika@lobste.rs>
jacob-jackson <jacob-jackson@lobste.rs>
"jado" <jado@lobste.rs>
"jaj" <jaj@lobste.rs>
"jakehughes" <jakehughes@lobste.rs>
"jake-jake-jake" <jake-jake-jake@lobste.rs>
Jake Lazaroff <notifications@github.com>
"jakob" <jakob@lobste.rs>
"jalcine" <jalcine@lobste.rs>
jalcine <jalcine@lobste.rs>
"james" <james@lobste.rs>
james <james@lobste.rs>
jamesjporter <jamesjporter@lobste.rs>
"jamesmacaulay" <jamesmacaulay@lobste.rs>
"James Miller" <james.miller@networkafterworkemail.com>
"jamesog" <jamesog@lobste.rs>
jamesog <jamesog@lobste.rs>
"jamestomasino" <jamestomasino@lobste.rs>
"Jamietanna" <Jamietanna@lobste.rs>
Jamietanna <Jamietanna@lobste.rs>
"JanZerebecki" <JanZerebecki@lobste.rs>
"Jason Maddock, Change.org" <change@mail.change.org>
"javcasas" <javcasas@lobste.rs>
javcasas <javcasas@lobste.rs>
"jbert" <jbert@lobste.rs>
jbilbro <notifications@github.com>
"jclulow (illumos Developer)" <jclulow@lobste.rs>
"jclulow" <jclulow@lobste.rs>
"Jebediah" <Jebediah@lobste.rs>
"jeb" <jeb@lobste.rs>
jeb <jeb@lobste.rs>
"jec" <jec@lobste.rs>
"jee" <jee@lobste.rs>
jeffcarp <jeffcarp@lobste.rs>
Jeff Lerman <notifications@github.com>
"jefftk" <jefftk@lobste.rs>
"je" <je@lobste.rs>
jejer <notifications@github.com>
"jelly" <jelly@lobste.rs>
Jenny Brown <jennybrown8@gmail.com>
JeremyMorgan <JeremyMorgan@lobste.rs>
Jeremy Singer-Vine <jsvine@gmail.com>
"Jerry Ackerman Toyota" <DealerCommunications@gsm-automotive.com>
Jesse Levine <jesse@launchcode.org>
Jesse Levine <notifications@github.com>
"jfb" <jfb@lobste.rs>
"jfet97" <jfet97@lobste.rs>
jfet97 <jfet97@lobste.rs>
"jfo" <jfo@lobste.rs>
"jfredett" <jfredett@lobste.rs>
"jgt" <jgt@lobste.rs>
jgt <jgt@lobste.rs>
"jhl" <jhl@lobste.rs>
"jimdigriz" <jimdigriz@lobste.rs>
"jitl" <jitl@lobste.rs>
"jjdh" <jjdh@lobste.rs>
jjdh <jjdh@lobste.rs>
"jjmalina" <jjmalina@lobste.rs>
"jjuran" <jjuran@lobste.rs>
jjuran <jjuran@lobste.rs>
"jkirchartz" <jkirchartz@lobste.rs>
jkirchartz <jkirchartz@lobste.rs>
jkoppel <jkoppel@lobste.rs>
"JKowalsky" <JKowalsky@lobste.rs>
JKowalsky <JKowalsky@lobste.rs>
"jlarocco" <jlarocco@lobste.rs>
"jmelesky" <jmelesky@lobste.rs>
"jmiven" <jmiven@lobste.rs>
jmiven <jmiven@lobste.rs>
"jmk" <jmk@lobste.rs>
"jmk (Neovim Developer)" <jmk@lobste.rs>
"jmtd" <jmtd@lobste.rs>
"jnb" <jnb@lobste.rs>
"jnoxon" <jnoxon@lobste.rs>
Joachim Hill-Grannec <notifications@github.com>
"JoachimSchipper" <JoachimSchipper@lobste.rs>
joe8bit <joe8bit@lobste.rs>
"joed" <joed@lobste.rs>
joed <joed@lobste.rs>
Joe Meilinger <info@meetup.com>
Joe Meilinger <STL-Python-announce@meetup.com>
"joepie91" <joepie91@lobste.rs>
"johnaj" <johnaj@lobste.rs>
"JohnCarter" <JohnCarter@lobste.rs>
JohnCarter <JohnCarter@lobste.rs>
"John Feal via Change.org" <change@mail.change.org>
"johnLate" <johnLate@lobste.rs>
John MacFarlane <notifications@github.com>
"John Mundwiller" <notification+fciclo1e@facebookmail.com>
"John Niendorf john@jfniendorf.org [todotxt]" <todotxt@yahoogroups.com>
"JohnPhantom" <JohnPhantom@lobste.rs>
JohnPhantom <JohnPhantom@lobste.rs>
John Weldon <notifications@github.com>
"jolvera" <jolvera@lobste.rs>
"jonahx" <jonahx@lobste.rs>
"Jon Perri, Change.org" <mail@change.org>
"JordiGH" <JordiGH@lobste.rs>
JordiGH <JordiGH@lobste.rs>
"jornane" <jornane@lobste.rs>
jornane <jornane@lobste.rs>
"joshklein" <joshklein@lobste.rs>
Josh Krull <comjosh64@gmail.com>
"Josh Krull (Meetup)" <STL-Raspberry-Pi-Meetup-announce@meetup.com>
"joshsharp" <joshsharp@lobste.rs>
Joshua Ulrich <josh.m.ulrich@gmail.com>
"Joshua Ulrich (Meetup)" <info@meetup.com>
"Joshua Ulrich (Meetup)" <Saint-Louis-RUG-announce@meetup.com>
"Joshua Ulrich (Meetup)" <Saint-Louis-RUG-list@meetup.com>
"josm" <josm@lobste.rs>
"josuah" <josuah@lobste.rs>
josuah <josuah@lobste.rs>
"jpreston" <jpreston@lobste.rs>
"jpscaletti" <jpscaletti@lobste.rs>
"jrabbit" <jrabbit@lobste.rs>
"jrick" <jrick@lobste.rs>
"jrobeson" <jrobeson@lobste.rs>
"jryans" <jryans@lobste.rs>
"jscn" <jscn@lobste.rs>
jSTL <info@meetup.com>
"jstoja" <jstoja@lobste.rs>
jstoja <jstoja@lobste.rs>
"jstuartmill" <jstuartmill@lobste.rs>
jstuartmill <jstuartmill@lobste.rs>
"jtdowney" <jtdowney@lobste.rs>
"judson" <judson@lobste.rs>
"Juliana Britto Schwartz, Change.org" <change@mail.change.org>
"julienxx" <julienxx@lobste.rs>
julienxx <julienxx@lobste.rs>
"junkblocker" <junkblocker@lobste.rs>
"jussi" <jussi@lobste.rs>
"jvoisin" <jvoisin@lobste.rs>
"jwconway" <jwconway@lobste.rs>
"jxy" <jxy@lobste.rs>
"jyc" <jyc@lobste.rs>
"k749gtnc9l3w" <k749gtnc9l3w@lobste.rs>
"kamme" <kamme@lobste.rs>
"karjudev" <karjudev@lobste.rs>
"kas" <kas@lobste.rs>
"Kay Apperson (Meetup)" <Saint-Louis-RUG-list@meetup.com>
"kbknapp" <kbknapp@lobste.rs>
"kbr" <kbr@lobste.rs>
kbr <kbr@lobste.rs>
"kees" <kees@lobste.rs>
keewooi <notifications@github.com>
"kefala" <kefala@lobste.rs>
Kegan Myers <info@meetup.com>
Kegan Myers <kegan@keganmyers.com>
Keith Chester <meetup-group-ZKpKeNAj-announce@meetup.com>
"keithmifsud" <keithmifsud@lobste.rs>
keithmifsud <keithmifsud@lobste.rs>
"kel" <kel@lobste.rs>
"kellogh" <kellogh@lobste.rs>
"kelp" <kelp@lobste.rs>
"Ken Johnson (Meetup)" <Saint-Louis-Unix-Users-Group-announce@meetup.com>
Ken Johnson <Saint-Louis-Unix-Users-Group-announce@meetup.com>
Ken Owens <notifications@github.com>
"ketralnis" <ketralnis@lobste.rs>
"Kevin Hammel" <notification+fciclo1e@facebookmail.com>
Kevin Markham <St-Louis-Machine-Learning-list@meetup.com>
kev <kev@lobste.rs>
"kfrz" <kfrz@lobste.rs>
"kghose" <kghose@lobste.rs>
"khaaan" <khaaan@lobste.rs>
"kimjeongsoo@yahoo.com [todotxt]" <todotxt@yahoogroups.com>
"kineticdial" <kineticdial@lobste.rs>
kintoandar <kintoandar@lobste.rs>
"Kipari" <Kipari@lobste.rs>
"kivikakk (GitHub Developer)" <kivikakk@lobste.rs>
"kivikakk" <kivikakk@lobste.rs>
"kline" <kline@lobste.rs>
"klingtnet" <klingtnet@lobste.rs>
klingtnet <klingtnet@lobste.rs>
"kmatt" <kmatt@lobste.rs>
kmelve <kmelve@lobste.rs>
kngl <kngl@lobste.rs>
"knixeur" <knixeur@lobste.rs>
"knl" <knl@lobste.rs>
knl <knl@lobste.rs>
kobaltz <kobaltz@lobste.rs>
"kodfodrasz" <kodfodrasz@lobste.rs>
koen <koen@lobste.rs>
"kolen" <kolen@lobste.rs>
kolen <kolen@lobste.rs>
Konstantin Molchanov <notifications@github.com>
"koomi" <koomi@lobste.rs>
"kornel" <kornel@lobste.rs>
kornel <kornel@lobste.rs>
"kotrunga" <kotrunga@lobste.rs>
"koudi" <koudi@lobste.rs>
kpm <kpm@lobste.rs>
"kqr" <kqr@lobste.rs>
kqr <kqr@lobste.rs>
kragniz <kragniz@lobste.rs>
"kristapsdz" <kristapsdz@lobste.rs>
"kristof" <kristof@lobste.rs>
"kuijsten" <kuijsten@lobste.rs>
kuijsten <kuijsten@lobste.rs>
"kv" <kv@lobste.rs>
"kyle" <kyle@lobste.rs>
"kyrias" <kyrias@lobste.rs>
"kzisme" <kzisme@lobste.rs>
"lachenmayer" <lachenmayer@lobste.rs>
lachenmayer <lachenmayer@lobste.rs>
Langston Barrett <notifications@github.com>
"larbob" <larbob@lobste.rs>
larbob <larbob@lobste.rs>
Larry Ogrodnek <notifications@github.com>
Larry <Saint-Louis-Association-of-IT-Professionals-announce@meetup.com>
"lattera (HardenedBSD Cofounder)" <lattera@lobste.rs>
"lattera" <lattera@lobste.rs>
lattera <lattera@lobste.rs>
"lau" <lau@lobste.rs>
LaunchCoderGirl STL <info@meetup.com>
"law" <law@lobste.rs>
"LeahNeukirchen" <LeahNeukirchen@lobste.rs>
"leeg" <leeg@lobste.rs>
leeg <leeg@lobste.rs>
"lenary" <lenary@lobste.rs>
"Leonidas" <Leonidas@lobste.rs>
"lerax" <lerax@lobste.rs>
Leslie McIntosh <leslie@borrelli.org>
"lettucehead" <lettucehead@lobste.rs>
"levicole" <levicole@lobste.rs>
"lewis" <lewis@lobste.rs>
"LibertarianLlama" <LibertarianLlama@lobste.rs>
"liberza" <liberza@lobste.rs>
"licorna" <licorna@lobste.rs>
"lightandlight" <lightandlight@lobste.rs>
lightandlight <lightandlight@lobste.rs>
"lindig" <lindig@lobste.rs>
"liv" <liv@lobste.rs>
liv <liv@lobste.rs>
"liwakura" <liwakura@lobste.rs>
"lkurusa" <lkurusa@lobste.rs>
Lobsters <nobody@lobste.rs>
"lojikil" <lojikil@lobste.rs>
lojikil <lojikil@lobste.rs>
"LolPython" <LolPython@lobste.rs>
"lorddimwit" <lorddimwit@lobste.rs>
lorddimwit <lorddimwit@lobste.rs>
"lordgilman" <lordgilman@lobste.rs>
"lormayna" <lormayna@lobste.rs>
"Loup-Vaillant" <Loup-Vaillant@lobste.rs>
Loup-Vaillant <Loup-Vaillant@lobste.rs>
"lpil" <lpil@lobste.rs>
lpil <lpil@lobste.rs>
"lproven" <lproven@lobste.rs>
"lthms" <lthms@lobste.rs>
lthms <lthms@lobste.rs>
"ltriant" <ltriant@lobste.rs>
ltriant <ltriant@lobste.rs>
"luchs" <luchs@lobste.rs>
"ludovicchabant" <ludovicchabant@lobste.rs>
"ludwinas" <ludwinas@lobste.rs>
"luizirber" <luizirber@lobste.rs>
"luiz" <luiz@lobste.rs>
luiz <luiz@lobste.rs>
Luke Bay <luke.sj.bay@gmail.com>
Luke Hogrebe <luke.hogrebe@gmail.com>
Luke <notifications@github.com>
lukesteensen <lukesteensen@lobste.rs>
"lvl" <lvl@lobste.rs>
"Lyft" <hello@lyftmail.com>
"lygaret" <lygaret@lobste.rs>
"maddogshark" <maddogshark@lobste.rs>
"mads" <mads@lobste.rs>
"mainecoon" <mainecoon@lobste.rs>
"majkinetor" <majkinetor@lobste.rs>
majkinetor <majkinetor@lobste.rs>
"malaparte" <malaparte@lobste.rs>
"malisper" <malisper@lobste.rs>
"malxau" <malxau@lobste.rs>
ma...@mash.engr.sgi.com (John R. Mashey)
"mankyKitty" <mankyKitty@lobste.rs>
"manuel" <manuel@lobste.rs>
maowlmad <notifications@github.com>
maptimeSTL <info@meetup.com>
"maqio" <maqio@lobste.rs>
"marcecoll" <marcecoll@lobste.rs>
marcecoll <marcecoll@lobste.rs>
"march" <march@lobste.rs>
Marco Schirrmeister <notifications@github.com>
marianoguerra <marianoguerra@lobste.rs>
"marijnfs" <marijnfs@lobste.rs>
"marijn" <marijn@lobste.rs>
Mark Milstein <notifications@github.com>
"markos" <markos@lobste.rs>
"MarkPash" <MarkPash@lobste.rs>
"markrages" <markrages@lobste.rs>
"mark sellmeyer (Meetup)" <boardgames-9-announce@meetup.com>
"markt" <markt@lobste.rs>
markt <markt@lobste.rs>
"markwatson" <markwatson@lobste.rs>
"Martha J. Gleich" <notification+fciclo1e@facebookmail.com>
Martijn Koster <m.koster@nexor.co.uk>
"Martin Gill Martin@martinsgill.co.uk [todotxt]" <todotxt@yahoogroups.com>
"MasonJar" <MasonJar@lobste.rs>
"matklad" <matklad@lobste.rs>
Matt Follett <Papers-We-Love-in-saint-louis-announce@meetup.com>
"mattgreenrocks" <mattgreenrocks@lobste.rs>
Matt Hamann <notifications@github.com>
"matthewcowie" <matthewcowie@lobste.rs>
"matthewpettyuk@gmail.com [todotxt]" <todotxt@yahoogroups.com>
"Matthew W. Bowers (Meetup)" <Saint-Louis-RUG-list@meetup.com>
Matt Johnson <mjohnson@handlpartners.com>
Matt Johnson <notifications@github.com>
"mattk" <mattk@lobste.rs>
mattk <mattk@lobste.rs>
"matt" <matt@lobste.rs>
Matt McSwain <notifications@github.com>
"mattrose" <mattrose@lobste.rs>
maxbittker <maxbittker@lobste.rs>
"maxhallinan" <maxhallinan@lobste.rs>
"MazeChaZer" <MazeChaZer@lobste.rs>
"mbrock" <mbrock@lobste.rs>
"mechazoidal" <mechazoidal@lobste.rs>
meditate <meditate@lobste.rs>
"Meetup" <info@meetup.com>
Meetup <info@meetup.com>
Meetup Messages <messages@meetup.com>
Meetup Reminder <info@meetup.com>
"Meghan from Meetup" <meghan@meetup.com>
"mehdi-farsi" <mehdi-farsi@lobste.rs>
mehdi-farsi <mehdi-farsi@lobste.rs>
"m_eiman" <m_eiman@lobste.rs>
"mejpark@gmail.com [todotxt]" <todotxt@yahoogroups.com>
"mekarpeles@yahoo.com [todotxt]" <todotxt@yahoogroups.com>
"mempko" <mempko@lobste.rs>
mempko <mempko@lobste.rs>
Mention Bot <notifications@github.com>
"metadata" <metadata@lobste.rs>
"metaleap" <metaleap@lobste.rs>
"metamn" <metamn@lobste.rs>
"meuk" <meuk@lobste.rs>
meuk <meuk@lobste.rs>
"mfeathers" <mfeathers@lobste.rs>
"mftrhu" <mftrhu@lobste.rs>
"mgartner" <mgartner@lobste.rs>
mgartner <mgartner@lobste.rs>
"mgree" <mgree@lobste.rs>
"michaeldescy@yahoo.com [todotxt]" <todotxt@yahoogroups.com>
"michiel" <michiel@lobste.rs>
"Michiel van der Wulp michiel.vanderwulp@gmail.com [todotxt]" <todotxt@yahoogroups.com>
Mike Ihbe <notifications@github.com>
"mikejsavage" <mikejsavage@lobste.rs>
"mikemccracken" <mikemccracken@lobste.rs>
Mike Menne <mike@launchcode.org>
Mike Menne <notifications@github.com>
Mike <mpmenne@essav.com>
Mike Rizzo <rizzo.michaelg@gmail.com>
"miles" <miles@lobste.rs>
minastirid <minastirid@lobste.rs>
"minimax" <minimax@lobste.rs>
"minus" <minus@lobste.rs>
"mitchty" <mitchty@lobste.rs>
mjacar <mjacar@lobste.rs>
"mjdescy@gmail.com [todotxt]" <todotxt@yahoogroups.com>
"mjec" <mjec@lobste.rs>
"mjn" <mjn@lobste.rs>
mjn <mjn@lobste.rs>
"mjtorn" <mjtorn@lobste.rs>
mjturner <mjturner@lobste.rs>
mjulian <mjulian@lobste.rs>
"mmcc" <mmcc@lobste.rs>
mmcc <mmcc@lobste.rs>
Mmmary <Mmmary@lobste.rs>
"Molly Dorozenski, Change.org" <change@mail.change.org>
"monokrome" <monokrome@lobste.rs>
"monsieurantoine@gmail.com [todotxt]" <todotxt@yahoogroups.com>
mootrichard <mootrichard@lobste.rs>
"mordae" <mordae@lobste.rs>
"Mordo" <Mordo@lobste.rs>
Mordo <Mordo@lobste.rs>
"moreati" <moreati@lobste.rs>
"mortimer" <mortimer@lobste.rs>
"mort" <mort@lobste.rs>
"moses" <moses@lobste.rs>
"mosheemes@gmail.com [todotxt]" <todotxt@yahoogroups.com>
"moshez" <moshez@lobste.rs>
moshez <moshez@lobste.rs>
"motet-a" <motet-a@lobste.rs>
"mpcsh" <mpcsh@lobste.rs>
"mpdehnel" <mpdehnel@lobste.rs>
"mperham" <mperham@lobste.rs>
"mplant" <mplant@lobste.rs>
"mrbrowning" <mrbrowning@lobste.rs>
"mrcruz" <mrcruz@lobste.rs>
mr-future <notifications@github.com>
"mscs" <mscs@lobste.rs>
"mshroyer" <mshroyer@lobste.rs>
"msingle" <msingle@lobste.rs>
"msw" <msw@lobste.rs>
"mt" <mt@lobste.rs>
mt <mt@lobste.rs>
"mulander" <mulander@lobste.rs>
mulander <mulander@lobste.rs>
"mwcampbell" <mwcampbell@lobste.rs>
"mxp" <mxp@lobste.rs>
mxp <mxp@lobste.rs>
"myfreeweb" <myfreeweb@lobste.rs>
Myles Farrell <Arch-Reactor-Hackerspace-announce@meetup.com>
"mzl" <mzl@lobste.rs>
"N64N64" <N64N64@lobste.rs>
"nadim" <nadim@lobste.rs>
"nalzok" <nalzok@lobste.rs>
nalzok <nalzok@lobste.rs>
"nanny" <nanny@lobste.rs>
"napkindrawing" <napkindrawing@lobste.rs>
napkindrawing <napkindrawing@lobste.rs>
"narimiran" <narimiran@lobste.rs>
narimiran <narimiran@lobste.rs>
"nathanmlong" <nathanmlong@lobste.rs>
nathanmlong <nathanmlong@lobste.rs>
"nbrempel" <nbrempel@lobste.rs>
"nc" <nc@lobste.rs>
"neauoire" <neauoire@lobste.rs>
"nebkor" <nebkor@lobste.rs>
"neeels" <neeels@lobste.rs>
Nehemiah Dacres <Open-Data-STL-announce@meetup.com>
Nehemiah Dacres <vivacarlie@gmail.com>
"neilalexander" <neilalexander@lobste.rs>
"neiman" <neiman@lobste.rs>
"Nei" <Nei@lobste.rs>
"neozeed" <neozeed@lobste.rs>
"NerdyPepper" <NerdyPepper@lobste.rs>
NerdyPepper <NerdyPepper@lobste.rs>
"nerosnm" <nerosnm@lobste.rs>
"Nesh" <Nesh@lobste.rs>
Nesh <Nesh@lobste.rs>
"nevodka" <nevodka@lobste.rs>
"Nextdoor" <email@m.email.nextdoor.com>
"ngoldbaum" <ngoldbaum@lobste.rs>
ngoldbaum <ngoldbaum@lobste.rs>
"ngrilly" <ngrilly@lobste.rs>
"nhn" <nhn@lobste.rs>
nhn <nhn@lobste.rs>
"nhooyr" <nhooyr@lobste.rs>
Nicholas Diaz <allnightlong-announce@meetup.com>
"Nicholas Diaz (Meetup)" <allnightlong-announce@meetup.com>
Nick Apperson <info@meetup.com>
"nickpsecurity" <nickpsecurity@lobste.rs>
nickpsecurity <nickpsecurity@lobste.rs>
Nicolas from wallabag <hello@wallabag.org>
"nikivi" <nikivi@lobste.rs>
nikolalsvk <nikolalsvk@lobste.rs>
"nikola" <nikola@lobste.rs>
"nil" <nil@lobste.rs>
nil <nil@lobste.rs>
"njha" <njha@lobste.rs>
njha <njha@lobste.rs>
nolan <nolan@lobste.rs>
"nomto" <nomto@lobste.rs>
"NoraCodes" <NoraCodes@lobste.rs>
NoraCodes <NoraCodes@lobste.rs>
"notlaforge" <notlaforge@lobste.rs>
"notriddle" <notriddle@lobste.rs>
notriddle <notriddle@lobste.rs>
"NougatRillettes" <NougatRillettes@lobste.rs>
NougatRillettes <NougatRillettes@lobste.rs>
npateriya <notifications@github.com>
"NPR One" <nprone@npr.org>
"nullp0tr" <nullp0tr@lobste.rs>
"numberten" <numberten@lobste.rs>
"numinit" <numinit@lobste.rs>
NusterCacheServer <NusterCacheServer@lobste.rs>
"objectif_lune" <objectif_lune@lobste.rs>
"oblio" <oblio@lobste.rs>
"ocharles" <ocharles@lobste.rs>
"OCI (Meetup)" <Saint-Louis-Cloud-Computing-Meetup-announce@meetup.com>
"ocschwar" <ocschwar@lobste.rs>
"Oculus" <oculus@email.oculusvr.com>
"offby1" <offby1@lobste.rs>
"OhhhhYeaaaaah" <OhhhhYeaaaaah@lobste.rs>
"ohm-r" <ohm-r@lobste.rs>
"olivier" <olivier@lobste.rs>
"ondreian" <ondreian@lobste.rs>
"Ondrej Novy novy@ondrej.org [todotxt]" <todotxt@yahoogroups.com>
"oneirine" <oneirine@lobste.rs>
Open Data STL <info@meetup.com>
"oracle2025" <oracle2025@lobste.rs>
"O'Reilly Data Newsletter" <oreilly@post.oreilly.com>
"O'Reilly Media" <oreilly@post.oreilly.com>
"O'Reilly Programming Newsletter" <oreilly@post.oreilly.com>
"O'Reilly" <reply@et.oreilly.com>
"O'Reilly Software Architecture Conference" <oreilly@post.oreilly.com>
"orib" <orib@lobste.rs>
orib <orib@lobste.rs>
"Orva" <Orva@lobste.rs>
"ossguy" <ossguy@lobste.rs>
"owen" <owen@lobste.rs>
"owent" <owent@lobste.rs>
owent <owent@lobste.rs>
owi <owi@lobste.rs>
"oz" <oz@lobste.rs>
"pacifist" <pacifist@lobste.rs>
"palash25" <palash25@lobste.rs>
palash25 <palash25@lobste.rs>
"palfrey" <palfrey@lobste.rs>
"paluche" <paluche@lobste.rs>
"panic" <panic@lobste.rs>
"Papers We Love (Saint Louis Chapter)" <info@meetup.com>
parhamcurtis <notifications@github.com>
"paroneayea" <paroneayea@lobste.rs>
paroneayea <paroneayea@lobste.rs>
Patrick Johnmeyer <pjohnmeyer@gmail.com>
pauloxnet <pauloxnet@lobste.rs>
"paulsmith" <paulsmith@lobste.rs>
"pbiggar" <pbiggar@lobste.rs>
"pblesi" <pblesi@lobste.rs>
pblesi <pblesi@lobste.rs>
"pbsds" <pbsds@lobste.rs>
pcalcado <pcalcado@lobste.rs>
"pcrock" <pcrock@lobste.rs>
"pcy" <pcy@lobste.rs>
"pekkavaa" <pekkavaa@lobste.rs>
"pepesza" <pepesza@lobste.rs>
pepesza <pepesza@lobste.rs>
petecorey <petecorey@lobste.rs>
"peterbourgon" <peterbourgon@lobste.rs>
"peter" <peter@lobste.rs>
peter <peter@lobste.rs>
"Peter Tran (Meetup)" <STL-Elm-announce@meetup.com>
"petrohi" <petrohi@lobste.rs>
petrohi <petrohi@lobste.rs>
"pew" <pew@lobste.rs>
"pgeorgi" <pgeorgi@lobste.rs>
"pgl" <pgl@lobste.rs>
"phaer" <phaer@lobste.rs>
"phansch" <phansch@lobste.rs>
"PhilidorGreen" <PhilidorGreen@lobste.rs>
"philpirj" <philpirj@lobste.rs>
philpirj <philpirj@lobste.rs>
"phlm" <phlm@lobste.rs>
"pid1" <pid1@lobste.rs>
"pietroalbini" <pietroalbini@lobste.rs>
PieWombat <PieWombat@lobste.rs>
"pilif" <pilif@lobste.rs>
"pims" <pims@lobste.rs>
"Piotr" <Piotr@lobste.rs>
"Pistos" <Pistos@lobste.rs>
Pistos <Pistos@lobste.rs>
"pja" <pja@lobste.rs>
pjohnmeyer <pjohnmeyer@gmail.com>
"pkolloch" <pkolloch@lobste.rs>
pljung <pljung@lobste.rs>
"pl" <pl@lobste.rs>
pl <pl@lobste.rs>
pmatos <pmatos@lobste.rs>
"pnappa" <pnappa@lobste.rs>
"pnathan" <pnathan@lobste.rs>
Pneumaticat <Pneumaticat@lobste.rs>
Pojoba01 <Pojoba01@lobste.rs>
"polyzen" <polyzen@lobste.rs>
"popey" <popey@lobste.rs>
popey <popey@lobste.rs>
"porges" <porges@lobste.rs>
"praalhans" <praalhans@lobste.rs>
"pragmatic" <pragmatic@lobste.rs>
prathamesh <prathamesh@lobste.rs>
"proctrap" <proctrap@lobste.rs>
"pronoiac" <pronoiac@lobste.rs>
"prussian" <prussian@lobste.rs>
"przemoc" <przemoc@lobste.rs>
"pstef" <pstef@lobste.rs>
pstef <pstef@lobste.rs>
"psuter" <psuter@lobste.rs>
"ptman" <ptman@lobste.rs>
"PuercoPop" <PuercoPop@lobste.rs>
"puffnfresh" <puffnfresh@lobste.rs>
puffnfresh <puffnfresh@lobste.rs>
"puhrez" <puhrez@lobste.rs>
Purism Announcements via Announce <announce@announce.puri.sm>
purpleposeidon <purpleposeidon@lobste.rs>
"pushcx" <pushcx@lobste.rs>
pushcx <pushcx@lobste.rs>
"pushcx (Sysop)" <pushcx@lobste.rs>
"Pushups" <Pushups@lobste.rs>
pxlet <pxlet@lobste.rs>
"Pyskool" <Pyskool@lobste.rs>
"pzel" <pzel@lobste.rs>
"qi" <qi@lobste.rs>
qi <qi@lobste.rs>
"qqbear" <qqbear@lobste.rs>
qqn <qqn@lobste.rs>
"quad" <quad@lobste.rs>
"quanticle" <quanticle@lobste.rs>
"quartzjer" <quartzjer@lobste.rs>
quasilyte <quasilyte@lobste.rs>
"quintus" <quintus@lobste.rs>
quobit <quobit@lobste.rs>
"qzmk86" <qzmk86@lobste.rs>
qzmk86 <qzmk86@lobste.rs>
"qznc" <qznc@lobste.rs>
qznc <qznc@lobste.rs>
"r31r06" <r31r06@lobste.rs>
"rafd" <rafd@lobste.rs>
"rain1" <rain1@lobste.rs>
rain1 <rain1@lobste.rs>
"raincrash" <raincrash@lobste.rs>
raincrash <raincrash@lobste.rs>
"Ralf Holly ralf.holly@yahoo.com [todotxt]" <todotxt@yahoogroups.com>
"ralf.holly@yahoo.com [todotxt]" <todotxt@yahoogroups.com>
Rasathus <notifications@github.com>
"rau" <rau@lobste.rs>
"ravicious" <ravicious@lobste.rs>
"raymii" <raymii@lobste.rs>
raymii <raymii@lobste.rs>
"rbn" <rbn@lobste.rs>
"rclark" <rclark@lobste.rs>
rdegges <rdegges@lobste.rs>
rdl <rdl@lobste.rs>
"readevalprint" <readevalprint@lobste.rs>
readevalprint <readevalprint@lobste.rs>
"rebecca" <rebecca@lobste.rs>
rebecca skinner <Haskell-Users-Group-St-Louis-announce@meetup.com>
rebecca skinner <info@meetup.com>
rebecca skinner <miyako@gmail.com>
"rebeccaskinner" <rebeccaskinner@lobste.rs>
"reezer" <reezer@lobste.rs>
"reillyeon" <reillyeon@lobste.rs>
"reissbaker" <reissbaker@lobste.rs>
"Relax" <Relax@lobste.rs>
"remotesynth" <remotesynth@lobste.rs>
remotesynth <remotesynth@lobste.rs>
"renatomassaro" <renatomassaro@lobste.rs>
Respondent <respondent@apply-respondent.io>
"rian" <rian@lobste.rs>
"ricardbejarano" <ricardbejarano@lobste.rs>
ricardbejarano <ricardbejarano@lobste.rs>
"richardloosemore" <richardloosemore@lobste.rs>
"Richard (Meetup)" <Saint-Louis-RUG-list@meetup.com>
"rickcarlino" <rickcarlino@lobste.rs>
rickcarlino <rickcarlino@lobste.rs>
Ricky Ng <dummey@gmail.com>
"RiderOfGiraffes" <RiderOfGiraffes@lobste.rs>
RiderOfGiraffes <RiderOfGiraffes@lobste.rs>
"rikkus" <rikkus@lobste.rs>
"rileylark" <rileylark@lobste.rs>
"rj1618" <rj1618@lobste.rs>
"rjc" <rjc@lobste.rs>
"rkeene" <rkeene@lobste.rs>
rkeene <rkeene@lobste.rs>
"rlabrecque" <rlabrecque@lobste.rs>
"rlonstein" <rlonstein@lobste.rs>
"Robert Half" <no.reply@email.roberthalf.com>
"robertmeta" <robertmeta@lobste.rs>
"robey" <robey@lobste.rs>
Robin Allen <notifications@github.com>
"robmyers" <robmyers@lobste.rs>
"robn" <robn@lobste.rs>
"rocx" <rocx@lobste.rs>
rocx <rocx@lobste.rs>
"rodolfo" <rodolfo@lobste.rs>
"Roland Vazquez-Molina (Meetup)" <Saint-Louis-RUG-list@meetup.com>
"romka" <romka@lobste.rs>
romka <romka@lobste.rs>
"rooneymcnibnug" <rooneymcnibnug@lobste.rs>
rooneymcnibnug <rooneymcnibnug@lobste.rs>
"roryokane" <roryokane@lobste.rs>
Rosco Nap <notifications@github.com>
"roshan" <roshan@lobste.rs>
Ross Edman <notifications@github.com>
"roy.kokkelkoren@gmail.com [todotxt]" <todotxt@yahoogroups.com>
"Roy T. Fielding" <fielding@simplon.ICS.UCI.EDU>
"rozap" <rozap@lobste.rs>
"rpaulo" <rpaulo@lobste.rs>
"rpc" <rpc@lobste.rs>
"rseymour" <rseymour@lobste.rs>
"rtpg" <rtpg@lobste.rs>
rusrushal13 <rusrushal13@lobste.rs>
"russellallen" <russellallen@lobste.rs>
Ryan Eschinger <notifications@github.com>
"ryan-koch" <ryan-koch@lobste.rs>
Ryan Metcalf <Saint-Louis-RUG-list@meetup.com>
"Ryan Price (Meetup)" <Saint-Louis-RUG-list@meetup.com>
"s00ner" <s00ner@lobste.rs>
s00ner <s00ner@lobste.rs>
"Safari" <reply@e.safaribooksonline.com>
"Safari" <safari@e.safaribooksonline.com>
"sagi" <sagi@lobste.rs>
Saint Louis Association of IT Professionals <info@meetup.com>
Saint Louis Full Stack Web Development <info@meetup.com>
Saint Louis Go Meetup <info@meetup.com>
Saint Louis R User Group <info@meetup.com>
"Saint Louis Unix Users Group (SLUUG)" <info@meetup.com>
"saljam" <saljam@lobste.rs>
"samebchase" <samebchase@lobste.rs>
Sam H <samuel.e.hatfield@gmail.com>
"Samsung" <MySamsung@email.samsungusa.com>
"samuelkarp" <samuelkarp@lobste.rs>
samuelkarp <samuelkarp@lobste.rs>
"samuelrivas" <samuelrivas@lobste.rs>
Samuel Thibault <sthibault@debian.org>
sangy <sangy@lobste.rs>
"sanxiyn" <sanxiyn@lobste.rs>
sanxiyn <sanxiyn@lobste.rs>
"Sarah Johnson" <notification+fciclo1e@facebookmail.com>
"sardaukar" <sardaukar@lobste.rs>
"satai" <satai@lobste.rs>
saturnflyer <saturnflyer@lobste.rs>
"saturn" <saturn@lobste.rs>
saturn <saturn@lobste.rs>
"savo" <savo@lobste.rs>
savo <savo@lobste.rs>
"scaur" <scaur@lobste.rs>
"schmonz" <schmonz@lobste.rs>
"schneems" <schneems@lobste.rs>
schneems <schneems@lobste.rs>
"Scot Newbury scot@newburyonline.com [todotxt]" <todotxt@yahoogroups.com>
"scott@ggr.com [todotxt]" <todotxt@yahoogroups.com>
scott thomas <scott_t@outlook.com>
"Screwtape" <Screwtape@lobste.rs>
Screwtape <Screwtape@lobste.rs>
"ScriptDevil" <ScriptDevil@lobste.rs>
"scttnlsn" <scttnlsn@lobste.rs>
"sdhand" <sdhand@lobste.rs>
Sean Perry <notifications@github.com>
"SeanTAllen" <SeanTAllen@lobste.rs>
SeanTAllen <SeanTAllen@lobste.rs>
"sebastien" <sebastien@lobste.rs>
sebastien <sebastien@lobste.rs>
"sebboh" <sebboh@lobste.rs>
sebboh <sebboh@lobste.rs>
"secstate" <secstate@lobste.rs>
"seff" <seff@lobste.rs>
seff <seff@lobste.rs>
"segfault" <segfault@lobste.rs>
"sehqlr (Meetup)" <info@meetup.com>
"sehqlr (Meetup)" <STL-PLIBMTTBHGATY-announce@meetup.com>
"sentry" <sentry@lobste.rs>
"sepisoad" <sepisoad@lobste.rs>
"sergeyb" <sergeyb@lobste.rs>
"sevagh" <sevagh@lobste.rs>
"sevan" <sevan@lobste.rs>
sevan <sevan@lobste.rs>
shades888 <notifications@github.com>
"shadower" <shadower@lobste.rs>
"shadowphex" <shadowphex@lobste.rs>
"shanemhansen" <shanemhansen@lobste.rs>
"Shapr" <Shapr@lobste.rs>
Shapr <Shapr@lobste.rs>
"shawn" <shawn@lobste.rs>
shawn <shawn@lobste.rs>
"shazow" <shazow@lobste.rs>
"siddhantgoel" <siddhantgoel@lobste.rs>
siddhantgoel <siddhantgoel@lobste.rs>
"Sietsebb" <Sietsebb@lobste.rs>
Sietsebb <Sietsebb@lobste.rs>
"signal-11" <signal-11@lobste.rs>
"silby" <silby@lobste.rs>
"silentbicycle" <silentbicycle@lobste.rs>
"simula67" <simula67@lobste.rs>
"simulacrumparty" <simulacrumparty@lobste.rs>
simulacrumparty <simulacrumparty@lobste.rs>
"singpolyma" <singpolyma@lobste.rs>
"Sinjo" <Sinjo@lobste.rs>
"Siosm" <Siosm@lobste.rs>
Siosm <Siosm@lobste.rs>
"SirCmpwn" <SirCmpwn@lobste.rs>
SirCmpwn <SirCmpwn@lobste.rs>
"Sirikon" <Sirikon@lobste.rs>
"sjamaan (CHICKEN developer)" <sjamaan@lobste.rs>
"sjamaan" <sjamaan@lobste.rs>
sjamaan <sjamaan@lobste.rs>
"skade (Rust Community Team)" <skade@lobste.rs>
"skade" <skade@lobste.rs>
skade <skade@lobste.rs>
"s_kilk" <s_kilk@lobste.rs>
"skrzyp" <skrzyp@lobste.rs>
skrzyp <skrzyp@lobste.rs>
"skunkwerks" <skunkwerks@lobste.rs>
"skyfaller" <skyfaller@lobste.rs>
"Slack" <no-reply@email.slack.com>
"slang" <slang@lobste.rs>
"SlightlyCuban" <SlightlyCuban@lobste.rs>
"slime" <slime@lobste.rs>
"sl" <sl@lobste.rs>
"sluongng" <sluongng@lobste.rs>
"smaddox" <smaddox@lobste.rs>
smaddox <smaddox@lobste.rs>
"smartapant" <smartapant@lobste.rs>
smartapant <smartapant@lobste.rs>
"smokeonline" <smokeonline@lobste.rs>
"smolboye" <smolboye@lobste.rs>
"snazz" <snazz@lobste.rs>
snazz <snazz@lobste.rs>
"sneakycrow" <sneakycrow@lobste.rs>
"soapdog" <soapdog@lobste.rs>
soapdog <soapdog@lobste.rs>
sobolevn <sobolevn@lobste.rs>
"soc" <soc@lobste.rs>
"SoloBSD" <SoloBSD@lobste.rs>
"somlor" <somlor@lobste.rs>
"Sophistifunk" <Sophistifunk@lobste.rs>
"sotojuan" <sotojuan@lobste.rs>
"soulcutter" <soulcutter@lobste.rs>
soulcutter <soulcutter@lobste.rs>
"spacejam" <spacejam@lobste.rs>
"spc476" <spc476@lobste.rs>
spc476 <spc476@lobste.rs>
"spdegabrielle" <spdegabrielle@lobste.rs>
spdegabrielle <spdegabrielle@lobste.rs>
"speculative" <speculative@lobste.rs>
"spycrowsoft" <spycrowsoft@lobste.rs>
spycrowsoft <spycrowsoft@lobste.rs>
"srbaker" <srbaker@lobste.rs>
"sri" <sri@lobste.rs>
"srpablo" <srpablo@lobste.rs>
"ssl" <ssl@lobste.rs>
"sspiff" <sspiff@lobste.rs>
"st3fan" <st3fan@lobste.rs>
"stapelberg" <stapelberg@lobste.rs>
stapelberg <stapelberg@lobste.rs>
"starbist" <starbist@lobste.rs>
starbist <starbist@lobste.rs>
"steinuil" <steinuil@lobste.rs>
steinuil <steinuil@lobste.rs>
"stepchowfun" <stepchowfun@lobste.rs>
"stephane_rolland" <stephane_rolland@lobste.rs>
"stephenr" <stephenr@lobste.rs>
stephenr <stephenr@lobste.rs>
"SteveH" <SteveH@lobste.rs>
"stevelord" <stevelord@lobste.rs>
stevelord <stevelord@lobste.rs>
Steven Borrelli <notifications@github.com>
"steveno" <steveno@lobste.rs>
"stig" <stig@lobste.rs>
stig <stig@lobste.rs>
"stilbruch" <stilbruch@lobste.rs>
"stip" <stip@lobste.rs>
stip <stip@lobste.rs>
STL Elm <info@meetup.com>
STLFullStack <info@meetup.com>
StLGo <info@meetup.com>
"St. Louis Clojure Meetup" <info@meetup.com>
"St. Louis Machine Learning &amp; Data Science" <info@meetup.com>
"St. Louis Machine Learning & Data Science" <info@meetup.com>
"St. Louis OpenSource Cloud" <info@meetup.com>
"St. Louis Public Radio" <kwmu@et.nprstations.org>
STL Polyglot Programmers <info@meetup.com>
STL Polyglots <info@meetup.com>
STL Python <info@meetup.com>
STL Raspberry Pi Meetup <info@meetup.com>
"Stratus3D" <Stratus3D@lobste.rs>
Stratus3D <Stratus3D@lobste.rs>
"strfry" <strfry@lobste.rs>
"strmpnk" <strmpnk@lobste.rs>
strmpnk <strmpnk@lobste.rs>
"strugee" <strugee@lobste.rs>
"Student" <Student@lobste.rs>
"sulami" <sulami@lobste.rs>
sulami <sulami@lobste.rs>
superguenter <superguenter@lobste.rs>
"svenstaro" <svenstaro@lobste.rs>
"swetland" <swetland@lobste.rs>
"swifthand" <swifthand@lobste.rs>
Sylvain Boily <notifications@github.com>
"szalansky" <szalansky@lobste.rs>
"szbalint" <szbalint@lobste.rs>
"t4egge" <t4egge@lobste.rs>
"Taco from Trello" <taco@trello.com>
"tadzik" <tadzik@lobste.rs>
"tallgeoff" <tallgeoff@lobste.rs>
"tankf33der" <tankf33der@lobste.rs>
tankf33der <tankf33der@lobste.rs>
taowen <taowen@lobste.rs>
"tA" <tA@lobste.rs>
"taylorfausak" <taylorfausak@lobste.rs>
tebba-von-mathenstein <tebba-von-mathenstein@lobste.rs>
"technomancy" <technomancy@lobste.rs>
"Tech On Tap: St. Louis" <info@meetup.com>
"Teckla" <Teckla@lobste.rs>
Teckla <Teckla@lobste.rs>
"Tecuane" <Tecuane@lobste.rs>
"tedchs" <tedchs@lobste.rs>
"tedu" <tedu@lobste.rs>
tedu <tedu@lobste.rs>
"Tegan Gregory, Change.org" <change@mail.change.org>
"tekknolagi" <tekknolagi@lobste.rs>
"telent" <telent@lobste.rs>
telent <telent@lobste.rs>
"tel" <tel@lobste.rs>
Tenji Tembo <notifications@github.com>
"tentacloids" <tentacloids@lobste.rs>
"Tenzer" <Tenzer@lobste.rs>
Tenzer <Tenzer@lobste.rs>
"terinjokes" <terinjokes@lobste.rs>
"terminus-est" <terminus-est@lobste.rs>
terribleplan <notifications@github.com>
"TFL" <TFL@lobste.rs>
"tgamblin" <tgamblin@lobste.rs>
"th3rac25" <th3rac25@lobste.rs>
th3rac25 <th3rac25@lobste.rs>
thangalin <thangalin@lobste.rs>
"thequux" <thequux@lobste.rs>
"Theresa Klenk via Change.org" <change@mail.change.org>
"The St. Louis Board Game Meetup Group" <info@meetup.com>
"thev" <thev@lobste.rs>
thev <thev@lobste.rs>
"Thomas Hodgson hello@twshodgson.net [todotxt]" <todotxt@yahoogroups.com>
"Thomas Kahn thomas.kahn.tk@googlemail.com [todotxt]" <todotxt@yahoogroups.com>
"thombles" <thombles@lobste.rs>
"Thra11" <Thra11@lobste.rs>
"Tim Eby" <kwmu@et.nprstations.org>
"timetoplatypus" <timetoplatypus@lobste.rs>
"Timothy (not Tim, dagnabbit)" <meetup.com@timothy.org.uk>
"timvisee" <timvisee@lobste.rs>
timvisee <timvisee@lobste.rs>
"tiniuclx" <tiniuclx@lobste.rs>
tiniuclx <tiniuclx@lobste.rs>
"tkilen" <tkilen@lobste.rs>
"tlhunter" <tlhunter@lobste.rs>
tlhunter <tlhunter@lobste.rs>
"tmcb" <tmcb@lobste.rs>
tmcb <tmcb@lobste.rs>
ToKi <ToKi@lobste.rs>
"Tom Benn tcbenn@fridgecow.com [todotxt]" <todotxt@yahoogroups.com>
Tom Davidson <notifications@github.com>
"tomekw" <tomekw@lobste.rs>
tomekw <tomekw@lobste.rs>
"tomjakubowski" <tomjakubowski@lobste.rs>
Tom Koby <info@meetup.com>
Tom Koby <koby@gravit8.com>
Tom Koby <tom@codecause.org>
"tomwadley@fastmail.fm [todotxt]" <todotxt@yahoogroups.com>
"tonnydourado" <tonnydourado@lobste.rs>
"Tony Altemueller" <notification+fciclo1e@facebookmail.com>
"toromtomtom" <toromtomtom@lobste.rs>
toromtomtom <toromtomtom@lobste.rs>
"tout" <tout@lobste.rs>
"Toyota Entune Customer Support" <noreply@ToyotaEntune.com>
"Toyota Owners Online" <ToyotaOwnersOnline@e.toyota.com>
"Toyota Owners" <ToyotaOwners@e.toyota.com>
"travis-bradbury" <travis-bradbury@lobste.rs>
"traviscj" <traviscj@lobste.rs>
"trevorstarick" <trevorstarick@lobste.rs>
"Trisellum" <Trisellum@lobste.rs>
trishume <trishume@lobste.rs>
"tristram" <tristram@lobste.rs>
trn <trn@lobste.rs>
"TronDD" <TronDD@lobste.rs>
TronDD <TronDD@lobste.rs>
"trousers" <trousers@lobste.rs>
trousers <trousers@lobste.rs>
"trptcolin" <trptcolin@lobste.rs>
trptcolin <trptcolin@lobste.rs>
"tschellenbach" <tschellenbach@lobste.rs>
tschellenbach <tschellenbach@lobste.rs>
"tscs37" <tscs37@lobste.rs>
"ttaylorr" <ttaylorr@lobste.rs>
ttaylorr <ttaylorr@lobste.rs>
"tthisk" <tthisk@lobste.rs>
tthisk <tthisk@lobste.rs>
"tt" <tt@lobste.rs>
tt <tt@lobste.rs>
"tubbo" <tubbo@lobste.rs>
"twee" <twee@lobste.rs>
"Twitter" <info@e.twitter.com>
"twm" <twm@lobste.rs>
"ubernostrum" <ubernostrum@lobste.rs>
"UkiahSmith" <UkiahSmith@lobste.rs>
UkiahSmith <UkiahSmith@lobste.rs>
unbalancedparentheses <unbalancedparentheses@lobste.rs>
"unhammer" <unhammer@lobste.rs>
"unmole" <unmole@lobste.rs>
"untitaker" <untitaker@lobste.rs>
"unwind" <unwind@lobste.rs>
"Usama Akkad uahello@gmail.com [todotxt]" <todotxt@yahoogroups.com>
"uschi2000" <uschi2000@lobste.rs>
uschi2000 <uschi2000@lobste.rs>
"utahshex" <utahshex@lobste.rs>
=?UTF-8?B?R2FicmllbCBDb25jZWnDp8Ojbw==?= <notifications@github.com>
=?UTF-8?B?UsOpbWkgQXVndXN0ZQ==?= <notifications@github.com>
=?utf-8?Q?=28=CE=BBove=20=28print=20=28eval=20=28read=29=29=29=29?= <mefogus@gmail.com>
=?utf-8?Q?Ali=20Almossawi?= <ali@almossawi.com>
=?utf-8?Q?AltspaceVR?= <info@altvr.com>
=?utf-8?Q?Artmart?= <artmail@artmartstl.com>
=?utf-8?Q?Brendan=20Lind=20at=20LaunchCode?= <info@launchcode.org>
=?utf-8?Q?Caitlin=20Pearce?= <caitlin@freelancersunion.org>
=?utf-8?Q?CGP=20Grey?= <Email@CGPGrey.com>
=?utf-8?Q?College=20Forward?= <stompkins@collegeforward.org>
=?utf-8?Q?Crystal=20Martin?= <crystal@launchcode.org>
=?utf-8?Q?Data=20Skeptic=20Podcast?= <kyle@dataskeptic.com>
=?utf-8?Q?Data=20Skeptic=20Podcast?= <kylepolich@gmail.com>
=?utf-8?Q?Data=20Skeptic?= <kyle@dataskeptic.com>
=?utf-8?Q?Data=20Skeptic?= <kylepolich@gmail.com>
=?utf-8?Q?edX?= <news@edx.org>
=?utf-8?Q?elm=2Dconf?= <brian@brianthicks.com>
=?utf-8?Q?Evil=20Hat=20Productions?= <evilhat@gmail.com>
=?utf-8?Q?Evil=20Hat=20Productions?= <marketing@evilhat.com>
=?utf-8?Q?Fabricatorz=20Foundation?= <info@fabricatorz.org>
=?utf-8?Q?Fake=20=E2=80=9CDonald=20Trump=E2=80=9D?= <comics@thenib.com>
=?utf-8?Q?First=20UMC=20of=20WG?= <secretary@firstumcwg.org>
=?utf-8?Q?First=20United=20Methodist=20Church=20of=20Webster=20Groves?= <nunes.lydia@gmail.com>
=?utf-8?Q?First=20United=20Methodist=20Church=20of=20Webster=20Groves?= <secretary@firstumcwg.org>
=?utf-8?Q?Five=20Books?= <editor@fivebooks.com>
=?utf-8?Q?FlowingData?= <newsletter@flowingdata.com>
=?utf-8?Q?Freelancers=20Union?= <announcements@freelancersunion.org>
=?utf-8?Q?Freelancers=20Union?= <community@freelancersunion.org>
=?utf-8?Q?Freelancers=20Union?= <events@freelancersunion.org>
=?utf-8?Q?Freelancers=20Union?= <membership@freelancersunion.org>
=?utf-8?Q?Game=20Nite?= <newsletter@gameniteshop.com>
=?utf-8?Q?Gary=20at=20StampedeCon=2C=20LLC?= <events@stampedecon.com>
=?utf-8?Q?Gary=20at=20StampedeCon?= <events@stampedecon.com>
=?utf-8?Q?GitLab=20Team?= <info@gitlab.com>
=?utf-8?Q?GlobalHack?= <info@globalhack.org>
=?utf-8?Q?GRCnation=20=28Uscore.de=29?= <innovation@uscore.net>
=?utf-8?Q?GRCnation=20=28Uscore.net=29?= <innovation@uscore.net>
=?utf-8?Q?Grey?= <Email@cgpgrey.com>
=?utf-8?Q?Grey?= <Email@CGPGrey.com>
=?utf-8?Q?Harvard=20Online=20Learning?= <online-learning@harvard.edu>
=?utf-8?Q?HarvardX?= <harvardx@harvard.edu>
=?utf-8?Q?HarvardX?= <harvardxplus@harvard.edu>
=?utf-8?Q?Haskell=20Weekly?= <info@haskellweekly.news>
=?utf-8?Q?hello@wallabag.org?= <hello@wallabag.org>
=?utf-8?Q?Inference=20Newsletter?= <newsletter@inference-review.com>
=?utf-8?Q?Jennifer=20Wintzer?= <news@sfstl.com>
=?utf-8?Q?Jesse=20&=20Kaia=20at=20Keyboard.io?= <team@keyboard.io>
=?utf-8?Q?Jesse=20&=20Kaia=20at=20Keyboardio?= <team@keyboard.io>
=?utf-8?Q?Jim=20McKelvey=20at=20LaunchCode?= <lori@Launchcode.org>
=?utf-8?Q?Jim=20McKelvey?= <info@launchcode.org>
"=?UTF-8?Q?Jos=C3=A9_Filipe_Santos?= zefilipe.groups@gmail.com [todotxt]" <todotxt@yahoogroups.com>
=?utf-8?Q?Julia=20Evans?= <noreply@jvns.ca>
=?utf-8?Q?Keegan=2C=20AltspaceVR?= <keegan@altvr.com>
=?utf-8?Q?Larder=20&=20Cupboard?= <cindy@larderandcupboard.com>
=?utf-8?Q?LaunchCode=20Team?= <info@launchcode.org>
=?utf-8?Q?LaunchCode?= <info@launchcode.org>
=?utf-8?Q?LaunchCode?= <info@Launchcode.org>
=?utf-8?Q?LaunchCode?= <lori@Launchcode.org>
=?utf-8?Q?LaunchCode.org?= <info@launchcode.org>
=?utf-8?Q?LaunchCode?= <zach@launchcode.org>
=?utf-8?Q?Lauri=20at=20Medisafe?= <support@medisafe.com>
=?utf-8?Q?Lenny?= <lenny@lennyletter.com>
=?utf-8?Q?Linda=20Schulte?= <lschulte@sfstl.com>
=?utf-8?Q?Luuup?= <info@luuup.com>
=?utf-8?Q?Luuup?= <support@luuup.com>
=?utf-8?Q?Make=3A=20Community?= <community@make.co>
=?utf-8?Q?Mark=20Bauer?= <info@launchcode.org>
=?utf-8?Q?Mark=20Bauer?= <mark@launchcode.org>
=?utf-8?Q?Marketing=20at=20edX?= <noreply@edx.org>
=?utf-8?Q?Matt=20at=20GlobalHack?= <info@globalhack.org>
=?utf-8?Q?Matt=20Bors?= <comics@thenib.com>
=?utf-8?Q?Medisafe=20Care=20Team?= <info@medisafe.com>
=?utf-8?Q?Medisafe=20product=20team?= <team@medisafe.com>
=?utf-8?Q?Metro=20=2D=20My=20Gateway=20Card?= <mygatewaycard@metrostlouis.org>
=?utf-8?Q?Metro=20Gateway=20Card?= <mygatewaycard@metrostlouis.org>
=?utf-8?Q?Metro=20St.=20Louis?= <mygatewaycard@metrostlouis.org>
=?utf-8?Q?Mimetic=20Network?= <whodis@mimetic.network>
=?utf-8?Q?Misfit?= <community@misfit.com>
=?utf-8?Q?Morning=20Cup=20of=20Coding?= <morningcupofcoding@humanreadablemag.com>
=?utf-8?Q?News=20from=20Artmart?= <artmail@artmartstl.com>
=?utf-8?Q?Omri=20from=20Medisafe?= <omri.shor@medisafe.com>
=?utf-8?Q?OPER?= <support@paywithoper.com>
=?utf-8?Q?Partially=20Derivative?= <hello@partiallyderivative.com>
=?utf-8?Q?Pebble?= <no_reply@pebble.com>
"=?utf-8?q?Pinterest?=" <confirm@account.pinterest.com>
"=?utf-8?q?Pinterest?=" <pinbot@ideas.pinterest.com>
"=?utf-8?q?Pinterest?=" <pinbot@inspire.pinterest.com>
"=?utf-8?q?Pinterest?=" <pinbot@sherlock.pinterest.com>
"=?utf-8?q?Pinterest?=" <recommendations@explore.pinterest.com>
"=?utf-8?q?Pinterest?=" <recommendations@inspire.pinterest.com>
"=?utf-8?q?Pinterest?=" <selections@inspire.pinterest.com>
=?utf-8?Q?PWLConf?= <pwlconf@paperswelove.org>
=?utf-8?Q?Quanta=20Magazine?= <Quanta@simonsfoundation.org>
=?utf-8?Q?Quanta=20Magazine?= <Quanta@SimonsFoundation.org>
=?utf-8?Q?Quay=2C=20by=20CoreOS?= <sales@tectonic.com>
=?utf-8?Q?Quay.io?= <marketing@coreos.com>
=?utf-8?Q?Rachele=20Moresi?= <info@launchcode.org>
=?utf-8?Q?Resonate?= <members@resonate.is>
=?utf-8?Q?Rick=20Dildine?= <news@sfstl.com>
=?utf-8?Q?Rick=20Dildine?= <rdildine@sfstl.com>
=?utf-8?Q?Shakespeare=20Festival=20St.=20Louis?= <bgoodloe@sfstl.com>
=?utf-8?Q?Shakespeare=20Festival=20St.=20Louis?= <info@sfstl.com>
=?utf-8?Q?Shakespeare=20Festival=20St.=20Louis?= <news@sfstl.com>
=?utf-8?Q?StampedeCon=2C=20LLC?= <events@stampedecon.com>
=?utf-8?Q?Stay=20Connected?= <treehousestlouis@gmail.com>
=?utf-8?Q?Strange=20Loop?= <info@thestrangeloop.com>
=?utf-8?Q?Taco=20from=20Trello?= <taco@trello.com>
=?utf-8?Q?Team=20Luuup?= <support@luuup.com>
=?utf-8?Q?The=20Believer=20Magazine?= <customer@believermag.com>
=?utf-8?Q?The=20Believer?= <customer@believermag.com>
=?utf-8?Q?The=20LaunchCode=20Foundation?= <info@launchcode.org>
=?utf-8?Q?The=20LaunchCode=20Foundation?= <info@Launchcode.org>
=?utf-8?Q?The=20LaunchCode=20Foundation?= <jeff@Launchcode.org>
=?utf-8?Q?The=20LaunchCode=20Team?= <info@launchcode.org>
=?utf-8?Q?The=20LaunchCode=20Team?= <info@Launchcode.org>
=?utf-8?Q?The=20Medisafe=20Team?= <info@medisafe.com>
=?utf-8?Q?The=20Nib?= <comics@thenib.com>
=?utf-8?Q?The=20Parse=20Team?= <community@parse.com>
=?utf-8?Q?The=20Recompiler?= <info@recompilermag.com>
=?utf-8?Q?Tim?= <tim.wakeford@ubiquitypress.com>
=?utf-8?Q?Travis=20Sheridan=2C=20Venture=20Cafe?= <travis@vencaf.org>
=?utf-8?Q?Travis=20Sheridan?= <travis@vencaf.org>
=?utf-8?Q?Travis=2C=20Venture=20Cafe?= <travis@vencaf.org>
=?utf-8?Q?Travis=2C=20Venture=20Cafe?= <travis@vencafstl.org>
=?utf-8?Q?Treehouse=20Networkshop?= <treehousestlouis@gmail.com>
=?utf-8?Q?Trello?= <do-not-reply@trello.com>
=?utf-8?Q?Twitch?= <mc@twitch.tv>
=?utf-8?Q?Tyler=20and=20Chase?= <tyler@absolutnet.work>
=?utf-8?Q?Tyler=20Hobbs=20Art?= <tyler@tylerlhobbs.com>
=?utf-8?Q?Tyler=20Hobbs=20Art?= <tyler@tylerxhobbs.com>
=?utf-8?Q?Tyler=20Mathews?= <tyler@vencaf.org>
=?utf-8?Q?Tyler=20Mathews?= <tyler@vencafstl.org>
=?utf-8?Q?Tyler=2C=20Venture=20Caf=C3=A9?= <tyler@vencaf.org>
=?utf-8?Q?Tyler=2C=20Venture=20Caf=C3=A9?= <tyler@vencafstl.org>
=?utf-8?Q?Venture=20Caf=C3=A9=20St.=20Louis?= <hello@vencafstl.org>
=?utf-8?Q?Vessel?= <info@vessel.com>
=?utf-8?Q?wallabag_team?= <hello@wallabag.org>
=?utf-8?Q?We=20Work=20Remotely?= <matt@tinyboards.co>
=?utf-8?Q?Wes=20Hoffman?= <treehousestlouis@gmail.com>
"vadik" <vadik@lobste.rs>
"Vaelatern" <Vaelatern@lobste.rs>
Vaelatern <Vaelatern@lobste.rs>
"vaibhavsagar" <vaibhavsagar@lobste.rs>
vaibhavsagar <vaibhavsagar@lobste.rs>
"vakradrz" <vakradrz@lobste.rs>
"vallismortis" <vallismortis@lobste.rs>
"varjag" <varjag@lobste.rs>
varjag <varjag@lobste.rs>
"vbernat" <vbernat@lobste.rs>
vbernat <vbernat@lobste.rs>
"vegai" <vegai@lobste.rs>
vegai <vegai@lobste.rs>
vehk <vehk@lobste.rs>
"Velebak" <Velebak@lobste.rs>
"venam" <venam@lobste.rs>
"verisimilitude" <verisimilitude@lobste.rs>
verisimilitude <verisimilitude@lobste.rs>
"verlet64" <verlet64@lobste.rs>
verlet64 <verlet64@lobste.rs>
"vermaden" <vermaden@lobste.rs>
vertexclique <vertexclique@lobste.rs>
"vexhack" <vexhack@lobste.rs>
"vfoley" <vfoley@lobste.rs>
vfoley <vfoley@lobste.rs>
"vhf" <vhf@lobste.rs>
"vhodges" <vhodges@lobste.rs>
"vifon" <vifon@lobste.rs>
"viktor-tech" <viktor-tech@lobste.rs>
Vitalii Turovets <notifications@github.com>
"vladislavp" <vladislavp@lobste.rs>
vladislavp <vladislavp@lobste.rs>
"vletrmx" <vletrmx@lobste.rs>
vletrmx <vletrmx@lobste.rs>
"voldyman" <voldyman@lobste.rs>
"voodoologic" <voodoologic@lobste.rs>
"vorce" <vorce@lobste.rs>
"voronoipotato" <voronoipotato@lobste.rs>
"vosper" <vosper@lobste.rs>
vosper <vosper@lobste.rs>
vPierre <notifications@github.com>
"vrthra" <vrthra@lobste.rs>
vrthra <vrthra@lobste.rs>
"vyodaiken" <vyodaiken@lobste.rs>
vzhou842 <vzhou842@lobste.rs>
"waddlesplash (Haiku developer)" <waddlesplash@lobste.rs>
waddlesplash <waddlesplash@lobste.rs>
wallabag team <hello@wallabag.org>
"Walterion" <Walterion@lobste.rs>
Walterion <Walterion@lobste.rs>
wbharding <wbharding@lobste.rs>
"wbolster" <wbolster@lobste.rs>
"wbthomason" <wbthomason@lobste.rs>
weakforce <weakforce@lobste.rs>
"wenestvedt" <wenestvedt@lobste.rs>
"wesleyac" <wesleyac@lobste.rs>
"wezm" <wezm@lobste.rs>
whalabi <whalabi@lobste.rs>
whatsyourname <whatsyourname@lobste.rs>
"whbboyd" <whbboyd@lobste.rs>
"whjms" <whjms@lobste.rs>
"wildfire" <wildfire@lobste.rs>
"WilhelmVonWeiner" <WilhelmVonWeiner@lobste.rs>
WilhelmVonWeiner <WilhelmVonWeiner@lobste.rs>
Will Armstrong <will.c.armstrong@gmail.com>
"willghatch" <willghatch@lobste.rs>
Will Thames <notifications@github.com>
"wink" <wink@lobste.rs>
"winsec" <winsec@lobste.rs>
wizardishungry <wizardishungry@lobste.rs>
wm <wm@lobste.rs>
"World Jewish Congress via Change.org" <change@mail.change.org>
"worr" <worr@lobste.rs>
"wraithm" <wraithm@lobste.rs>
"wrl" <wrl@lobste.rs>
"wrs" <wrs@lobste.rs>
wrs <wrs@lobste.rs>
"wsdookadr" <wsdookadr@lobste.rs>
WU ICTS -  Health Informatics and Data Science Meetup <info@meetup.com>
"wuschel" <wuschel@lobste.rs>
"wwkeyboard" <wwkeyboard@lobste.rs>
"w" <w@lobste.rs>
"xcombelle" <xcombelle@lobste.rs>
xcombelle <xcombelle@lobste.rs>
"xfbs" <xfbs@lobste.rs>
xfbs <xfbs@lobste.rs>
xiaoping <notifications@github.com>
"xmodem" <xmodem@lobste.rs>
"xorhash" <xorhash@lobste.rs>
xorhash <xorhash@lobste.rs>
"xo" <xo@lobste.rs>
"xuuso" <xuuso@lobste.rs>
"xyproto" <xyproto@lobste.rs>
"yaaase" <yaaase@lobste.rs>
"Yahrimah Fayemi" <notification+fciclo1e@facebookmail.com>
"yawaramin" <yawaramin@lobste.rs>
yawaramin <yawaramin@lobste.rs>
"yawpitch" <yawpitch@lobste.rs>
"yaymukund" <yaymukund@lobste.rs>
yeomin7 <notifications@github.com>
"Yetanfou" <Yetanfou@lobste.rs>
"Yogthos" <Yogthos@lobste.rs>
Yogthos <Yogthos@lobste.rs>
"Yogurt" <Yogurt@lobste.rs>
"yonkeltron" <yonkeltron@lobste.rs>
yonkeltron <yonkeltron@lobste.rs>
"yorickpeterse" <yorickpeterse@lobste.rs>
yorickpeterse <yorickpeterse@lobste.rs>
"yule" <yule@lobste.rs>
"yumaikas" <yumaikas@lobste.rs>
"z3bra" <z3bra@lobste.rs>
"z3t0" <z3t0@lobste.rs>
"zachahn" <zachahn@lobste.rs>
"zachgersh" <zachgersh@lobste.rs>
Zach Lou <zach@launchcode.org>
"zacstewart" <zacstewart@lobste.rs>
"zaico" <zaico@lobste.rs>
"zain" <zain@lobste.rs>
"zaphar" <zaphar@lobste.rs>
"zck" <zck@lobste.rs>
zdsmith <zdsmith@lobste.rs>
"zem" <zem@lobste.rs>
zem <zem@lobste.rs>
"zge" <zge@lobste.rs>
zge <zge@lobste.rs>
"zgrep" <zgrep@lobste.rs>
"zie" <zie@lobste.rs>
zie <zie@lobste.rs>
"zimbatm" <zimbatm@lobste.rs>
"zimpenfish" <zimpenfish@lobste.rs>
"zmitchell" <zmitchell@lobste.rs>
Zogg <notifications@github.com>
"zpeters" <zpeters@lobste.rs>
"zpojqwfejwfhiunz" <zpojqwfejwfhiunz@lobste.rs>
zpojqwfejwfhiunz <zpojqwfejwfhiunz@lobste.rs>
"Zurga" <Zurga@lobste.rs>
"zv" <zv@lobste.rs>
"zwischenzugs" <zwischenzugs@lobste.rs>
zwischenzugs <zwischenzugs@lobste.rs>
"zxtx" <zxtx@lobste.rs>
zxtx <zxtx@lobste.rs>
"zzing" <zzing@lobste.rs>
